message_id,text,sender_account_age_days,msgs_sent_last_hour,unique_recipients_24h,pct_recipients_not_in_contacts,reply_rate_7d,sent_hour,label_scam,message_family
m00000,omw,698.8,0,7,0.015,0.688,21,0,personal
m00001,can you grab milk on the way home,650.2,1,3,0.047,0.805,20,0,personal
m00002,"I OWE YOU $20 FOR THE TACOS BTW, ETRANSFERRING NOW",1491.3,3,2,0.084,0.5,12,0,personal
m00003,did you see the game?? we win that one easy,8.9,1,6,0.015,0.652,19,0,personal
m00004,what time is dinner,1239.2,1,6,0.159,0.719,19,0,personal
m00005,"running late, be there in 7 min",1073.2,1,2,0.283,0.488,22,0,personal
m00006,"i owe you $50 for the shawarma btw, etransferring now",1114.9,1,2,0.148,0.557,18,0,personal
m00007,did you remember to pay rent,4940.2,2,6,0.033,0.605,16,0,personal
m00008,"running late, be there in 13 min",301.2,0,4,0.205,0.667,1,0,personal
m00009,"hey dad its me, new phone. can you do me a favour? need to pay a bill today",2.3,8,243,0.936,0.102,6,1,hi_mum
m00010,Last chance! 30% off at Northern Outfitters ends tonight. Shop chinookbooks.ca/track Reply STOP to unsubscribe,2010.2,340,5442,0.737,0.039,9,0,marketing_legit
m00011,good luck on your exam tmrw!,352.5,1,5,0.126,0.553,17,0,personal
m00012,ugh the c-train is delayed again,5.6,1,3,0.213,0.836,21,0,personal
m00013,"Foothills Credit Union: a purchase of $75.73 was made on your card ending 6781. If this wasn't you, call the number on the back of your card.",1618.9,602,2828,0.958,0.019,14,0,business_notification
m00014,can you grab milk on the way home,3598.4,1,8,0.028,0.593,9,0,personal
m00015,ugh the c-train is delayed again,340.1,0,5,0.101,0.798,9,0,personal
m00016,did you see the game?? we win that one easy,1117.3,1,4,0.041,0.415,23,0,personal
m00017,"i owe you $84 for the ramen btw, etransferring now",624.1,0,6,0.035,0.382,8,0,personal
m00018,lol that was so funny,1053.4,0,4,0.04,0.529,22,0,personal
m00019,Prairie Parcel: your package was delivered to your front door at 7:00.,1428.2,572,1649,0.771,0.009,14,0,business_notification
m00020,what time is dinner,587.1,4,5,0.041,0.378,9,0,personal
m00021,happy birthday Chloe!! have an amazing day,171.4,1,5,0.161,0.544,18,0,personal
m00022,Your order from Chinook Books has shipped. Track: northernoutfitters.ca/sale,1377.5,150,3983,0.984,0.063,8,0,business_notification
m00023,"hi, i'm a recruiter with a remote part-time role, $250/day, flexible hours. interested?",4.2,8,138,0.982,0.049,19,1,job_offer
m00024,ugh the c-train is delayed again,423.9,1,5,0.04,0.662,7,0,personal
m00025,"call me when you can, kinda urgent, it's about the car",839.4,3,4,0.227,0.706,15,0,personal
m00026,hey are you free Thursday night?,2442.4,6,9,0.137,0.464,23,0,personal
m00027,mom says call her,1288.0,1,8,0.011,0.688,14,0,personal
m00028,are u home? forgot my keys,702.1,2,4,0.102,0.454,9,0,personal
m00029,Security notice: your card has been locked. Confirm your identity now https://secure-fcu-verify.info/xj5ez,13.4,61,743,0.818,0.05,15,1,bank_phish
m00030,ugh the c-train is delayed again,1729.9,5,3,0.181,0.861,7,0,personal
m00031,Prairie Parcel: your package is on hold due to unpaid shipping fee ($2.49). Pay now: cra-refund-9dm6.xyz,1.4,58,352,0.991,0.0,0,1,parcel_fee
m00032,DID YOU SEE THE GAME?? WE WIN THAT ONE EASY,271.8,1,3,0.173,0.626,10,0,personal
m00033,"Hi mum, this is my new number, my phone broke. can you text me back here",1.1,21,238,0.951,0.061,10,1,hi_mum
m00034,DID YOU REMEMBER TO PAY RENT,1.4,0,6,0.117,0.476,0,0,personal
m00035,ok sounds good,378.6,1,5,0.081,0.746,18,0,personal
m00036,"Foothills Credit Union: a purchase of $44.92 was made on your card ending 9849. If this wasn't you, call the number on the back of your card.",1123.6,286,3109,0.979,0.101,8,0,business_notification
m00037,City of Calgary: your recycling pickup moves to Wednesday this week.,1523.4,244,3298,0.867,0.045,19,0,business_notification
m00038,Prairie Parcel: your package was delivered to your front door at 11:00.,1431.6,262,4536,0.659,0.086,17,0,business_notification
m00039,happy birthday Chloe!! have an amazing day,283.9,2,4,0.091,0.873,12,0,personal
m00040,Your verification code is 911476. Do not share this code with anyone.,834.8,115,1848,0.704,0.09,13,0,business_notification
m00041,can you grab milk on the way home,977.0,1,4,0.014,0.404,13,0,personal
m00042,lmk if you want sushi tonight,4056.7,2,2,0.17,0.367,21,0,personal
m00043,what time is dinner,1222.6,2,3,0.021,0.423,15,0,personal
m00044,"Hello, is this Dr. Ravi? I wanted to confirm our meeting Saturday",7.1,12,405,0.938,0.132,12,1,wrong_number
m00045,mom says call her,2576.6,2,6,0.015,0.583,13,0,personal
m00046,Prairie Parcel: your package was delivered to your front door at 3:45.,1267.5,372,3330,0.948,0.063,11,0,business_notification
m00047,Prairie Telecom: Upgrade today and get 2 months free. Details prairietel.ca/bill Txt STOP to end,1099.2,899,9008,0.989,0.028,13,0,marketing_legit
m00048,You're invited: Stampede Sports members' night Wednesday. Win prizes & more. Reply STOP to opt out,1162.0,2162,6564,0.861,0.006,17,0,marketing_legit
m00049,omw,768.8,0,4,0.012,0.744,12,0,personal
m00050,did you remember to pay rent,906.1,5,6,0.038,0.308,19,0,personal
m00051,Bow River Dental: reminder of your appointment Saturday at 10:15. Reply C to confirm or call 403-555-0142.,1788.7,112,1479,0.897,0.108,9,0,business_notification
m00052,Prairie Parcel: your package was delivered to your front door at 11:00.,2856.8,272,2506,0.987,0.018,13,0,business_notification
m00053,Congratulations! Your number won our monthly draw. Call 1-900-555-2577 to claim your CASH prize before midnight!,5.3,47,800,0.988,0.005,17,1,prize
m00054,good luck on your exam tmrw!,819.7,3,4,0.213,0.646,10,0,personal
m00055,happy birthday Alex!! have an amazing day,428.9,0,3,0.021,0.654,12,0,personal
m00056,Your order from Chinook Books has shipped. Track: northernoutfitters.ca/sale,606.6,54,2423,0.904,0.07,19,0,business_notification
m00057,Prairie Telecom: Upgrade today and get 2 months free. Details bowriverdental.ca/c Txt STOP to end,1148.6,614,8449,0.973,0.033,13,0,marketing_legit
m00058,Prairie Telecom: Upgrade today and get 2 months free. Details prairietel.ca/bill Txt STOP to end,1784.2,1238,3882,0.814,0.012,19,0,marketing_legit
m00059,"FREE TICKETS TO THE FLAMES GAME FROM WORK, WANT ONE?",1514.1,1,5,0.002,0.854,16,0,personal
m00060,what time is dinner,656.4,4,5,0.072,0.193,15,0,personal
m00061,City of Calgary: your recycling pickup moves to Tuesday this week.,1355.3,311,1468,0.885,0.002,20,0,business_notification
m00062,"free tickets to the flames game from work, want one?",1251.3,1,6,0.312,0.531,7,0,personal
m00063,did you remember to pay rent,648.2,1,4,0.05,0.862,20,0,personal
m00064,"Hello! We saw your resume online. Simple online tasks, earn $250 daily. Reply YES to learn more",1302.7,7,37,0.37,0.066,15,1,job_offer
m00065,Your verification code is 686701. Do not share this code with anyone.,979.6,947,2549,0.941,0.067,12,0,business_notification
m00066,did you remember to pay rent,243.2,2,5,0.177,0.463,16,0,personal
m00067,here's that video lol vid.example/nTQ1L,967.8,2,8,0.17,0.63,9,0,personal
m00068,happy birthday Ravi!! have an amazing day,471.0,1,3,0.04,0.53,20,0,personal
m00069,"running late, be there in 20 min",166.8,2,3,0.065,0.572,23,0,personal
m00070,Your order from Chinook Books has shipped. Track: bowriverdental.ca/c,515.9,357,4969,0.862,0.07,8,0,business_notification
m00071,ugh the c-train is delayed again,1398.8,0,2,0.325,0.445,12,0,personal
m00072,lmk if you want ramen tonight,1024.6,1,6,0.001,0.659,8,0,personal
m00073,"thanks for today, had a great time",783.2,3,5,0.223,0.702,20,0,personal
m00074,"call me when you can, kinda urgent, it's about the car",217.2,1,4,0.053,0.79,9,0,personal
m00075,"Foothills Credit Union: a purchase of $84.18 was made on your card ending 4970. If this wasn't you, call the number on the back of your card.",1929.0,48,2595,0.841,0.265,17,0,business_notification
m00076,lol that was so funny,997.5,2,4,0.444,0.581,20,0,personal
m00077,ok sounds good,585.3,1,3,0.115,0.495,17,0,personal
m00078,"call me when you can, kinda urgent, it's about the car",1087.7,1,7,0.308,0.731,9,0,personal
m00079,"thanks for today, had a great time",927.4,3,4,0.124,0.855,21,0,personal
m00080,can you grab milk on the way home,2168.4,2,6,0.118,0.395,20,0,personal
m00081,meet at Kensington at 11:00?,1065.2,2,8,0.123,0.848,17,0,personal
m00082,"can't talk rn, in a meeting",193.6,5,4,0.184,0.604,12,0,personal
m00083,You're invited: Stampede Sports members' night Saturday. Win prizes & more. Reply STOP to opt out,629.2,646,6844,0.97,0.015,14,0,marketing_legit
m00084,"free tickets to the flames game from work, want one?",538.7,1,2,0.137,0.568,8,0,personal
m00085,"thanks for today, had a great time",574.2,3,4,0.011,0.585,20,0,personal
m00086,good luck on your exam tmrw!,3.8,1,6,0.234,0.569,17,0,personal
m00087,"running late, be there in 23 min",375.2,3,5,0.025,0.549,21,0,personal
m00088,Last chance! 30% off at Northern Outfitters ends tonight. Shop bowriverdental.ca/c Reply STOP to unsubscribe,909.8,176,3557,0.997,0.02,12,0,marketing_legit
m00089,Prairie Telecom: Upgrade today and get 2 months free. Details prairietel.ca/bill Txt STOP to end,798.6,401,8027,0.941,0.008,13,0,marketing_legit
m00090,ok sounds good,1330.5,2,3,0.129,0.384,18,0,personal
m00091,Bow River Dental: reminder of your appointment Wednesday at 2:00. Reply C to confirm or call 403-555-0142.,1075.2,303,5485,0.961,0.031,8,0,business_notification
m00092,are u home? forgot my keys,1433.5,3,6,0.17,0.655,19,0,personal
m00093,"that's fine, see you Saturday",298.6,2,3,0.083,0.702,19,0,personal
m00094,LOL THAT WAS SO FUNNY,877.0,2,3,0.004,0.862,8,0,personal
m00095,Your Prairie Telecom bill of $38.92 is ready. View at prairietel.ca/bill. Reply STOP to opt out.,1187.1,183,3884,0.924,0.078,14,0,business_notification
m00096,Your verification code is 183943. Do not share this code with anyone.,1304.2,188,1429,0.995,0.011,19,0,business_notification
m00097,"that's fine, see you Saturday",471.1,1,4,0.039,0.673,17,0,personal
m00098,lmk if you want ramen tonight,516.5,2,4,0.355,0.559,10,0,personal
m00099,"i owe you $30 for the tacos btw, etransferring now",8540.0,3,5,0.105,0.538,22,0,personal
m00100,did you see the game?? we win that one easy,404.7,1,4,0.097,0.489,21,0,personal
m00101,We attempted delivery of your parcel. Reschedule and pay the $1.99 fee at cra-refund-haep.xyz within 48h.,1015.5,8,54,0.217,0.01,20,1,parcel_fee
m00102,omw,392.7,2,6,0.151,0.581,16,0,personal
m00103,You have 1 unclaimed reward from Canadian Rewards Club. Claim within 24hrs: http://rewards-ca.link/NePpm,0.2,20,134,0.964,0.004,20,1,prize
m00104,Congratulations! Your number won our monthly draw. Call 1-900-555-1622 to claim your CASH prize before midnight!,10.1,842,607,0.988,0.028,13,1,prize
m00105,Your verification code is 146574. Do not share this code with anyone.,1922.3,299,11945,0.952,0.068,8,0,business_notification
m00106,"thanks for today, had a great time",1108.8,0,4,0.015,0.612,23,0,personal
m00107,"hey its Jordan, new number, save this one",348.7,1,7,0.043,0.47,11,0,personal
m00108,"sorry, who is this? your number was in my contacts",10.5,18,37,0.777,0.02,23,1,wrong_number
m00109,yes!! i got the job,629.9,4,3,0.109,0.748,20,0,personal
m00110,ugh the c-train is delayed again,3109.8,0,3,0.196,0.575,20,0,personal
m00111,"Government of Canada: you are eligible for a benefit payment of $188.96. Final notice, apply at bit.ly/PwO8fr",4.3,135,1672,0.927,0.059,2,1,tax_refund
m00112,"hey its Kai, new number, save this one",328.6,1,4,0.062,0.517,20,0,personal
m00113,"can't talk rn, in a meeting",874.6,0,5,0.059,0.635,16,0,personal
m00114,"call me when you can, kinda urgent, it's about the car",1326.0,3,3,0.005,0.618,17,0,personal
m00115,"Foothills Credit Union: a purchase of $88.38 was made on your card ending 2100. If this wasn't you, call the number on the back of your card.",3865.1,367,5584,0.804,0.069,18,0,business_notification
m00116,Prairie Parcel: your package is on hold due to unpaid shipping fee ($3.15). Pay now: https://secure-fcu-verify.info/osly3,8.8,51,4930,0.936,0.051,18,1,parcel_fee
m00117,City of Calgary: your recycling pickup moves to Tuesday this week.,2914.0,735,2878,0.949,0.008,18,0,business_notification
m00118,what time is dinner,407.3,4,12,0.072,0.705,16,0,personal
m00119,here's that video lol vid.example/gCCRE,203.8,2,7,0.013,0.506,14,0,personal
m00120,"Foothills Credit Union: a purchase of $77.81 was made on your card ending 2611. If this wasn't you, call the number on the back of your card.",1347.8,383,2350,0.869,0.084,15,0,business_notification
m00121,"free tickets to the flames game from work, want one?",885.2,1,6,0.128,0.568,17,0,personal
m00122,did you remember to pay rent,1294.1,0,5,0.049,0.524,20,0,personal
m00123,ugh the c-train is delayed again,369.7,0,9,0.106,0.594,8,0,personal
m00124,"that's fine, see you Saturday",3926.1,0,11,0.137,0.583,7,0,personal
m00125,happy birthday Mo!! have an amazing day,345.3,2,5,0.107,0.672,19,0,personal
m00126,what time is dinner,2998.9,0,3,0.194,0.376,22,0,personal
m00127,Prairie Parcel: your package was delivered to your front door at 9:30.,1998.0,167,4610,0.994,0.079,13,0,business_notification
m00128,ALERT: Unusual sign-in on your Foothills Credit Union account. Verify immediately at http://rewards-ca.link/8FS4E or your account will be suspended.,4.0,38,1575,0.999,0.048,6,1,bank_phish
m00129,Maple Bean Coffee: FREE donut with any large coffee this weekend! Show this text. Reply STOP to opt out,1407.7,509,12299,0.752,0.0,15,0,marketing_legit
m00130,here's that video lol vid.example/KQmiQ,2689.7,0,3,0.019,0.546,19,0,personal
m00131,did you see the game?? we win that one easy,381.3,1,5,0.006,0.674,9,0,personal
m00132,good luck on your exam tmrw!,529.9,0,5,0.041,0.429,20,0,personal
m00133,ok sounds good,3175.2,0,2,0.083,0.429,17,0,personal
m00134,lol that was so funny,218.9,0,4,0.053,0.578,22,0,personal
m00135,"free tickets to the flames game from work, want one?",1376.6,0,6,0.13,0.538,18,0,personal
m00136,Prairie Parcel: your package was delivered to your front door at 7:00.,1409.1,163,7373,0.901,0.014,13,0,business_notification
m00137,omw,610.4,1,3,0.093,0.489,18,0,personal
m00138,"i owe you $34 for the pho btw, etransferring now",571.9,3,5,0.014,0.732,19,0,personal
m00139,omw,461.5,2,4,0.006,0.82,9,0,personal
m00140,here's that video lol vid.example/JfXRg,1055.5,1,4,0.042,0.287,0,0,personal
m00141,meet at Kensington at 11:00?,1626.0,2,5,0.027,0.463,7,0,personal
m00142,can you grab milk on the way home,469.7,0,4,0.127,0.475,17,0,personal
m00143,You're invited: Stampede Sports members' night Thursday. Win prizes & more. Reply STOP to opt out,1536.5,308,12822,0.909,0.004,16,0,marketing_legit
m00144,lmk if you want ramen tonight,1117.4,1,4,0.135,0.534,13,0,personal
m00145,Your verification code is 369932. Do not share this code with anyone.,2116.5,478,728,0.933,0.01,18,0,business_notification
m00146,did you remember to pay rent,302.7,1,9,0.102,0.591,8,0,personal
m00147,meet at work at 9:30?,2366.1,3,3,0.375,0.717,8,0,personal
m00148,did you see the game?? we win that one easy,2193.7,0,2,0.073,0.428,16,0,personal
m00149,HEY ARE YOU FREE SATURDAY NIGHT?,980.8,1,4,0.048,0.722,9,0,personal
m00150,"RUNNING LATE, BE THERE IN 12 MIN",576.3,1,6,0.062,0.489,15,0,personal
m00151,mom says call her,1580.7,3,5,0.113,0.398,20,0,personal
m00152,City of Calgary: your recycling pickup moves to Thursday this week.,1474.2,85,2053,0.894,0.065,8,0,business_notification
m00153,yes!! i got the job,432.1,4,4,0.079,0.456,14,0,personal
m00154,meet at Kensington at 6:30?,894.1,0,5,0.082,0.603,18,0,personal
m00155,You're invited: Stampede Sports members' night Sunday. Win prizes & more. Reply STOP to opt out,1485.7,287,4460,0.94,0.09,15,0,marketing_legit
m00156,lmk if you want sushi tonight,871.4,2,8,0.032,0.775,22,0,personal
m00157,Prairie Telecom: Upgrade today and get 2 months free. Details mplbn.ca/deal Txt STOP to end,794.2,532,19709,0.939,0.011,10,0,marketing_legit
m00158,"call me when you can, kinda urgent, it's about the car",2898.2,1,6,0.066,0.573,13,0,personal
m00159,Your verification code is 548450. Do not share this code with anyone.,1341.9,495,4659,0.985,0.008,10,0,business_notification
m00160,mom says call her,870.4,1,10,0.04,0.325,21,0,personal
m00161,"can't talk rn, in a meeting",4.7,1,6,0.16,0.543,15,0,personal
m00162,are u home? forgot my keys,3251.2,3,3,0.169,0.744,19,0,personal
m00163,lmk if you want pho tonight,1608.3,0,4,0.02,0.585,9,0,personal
m00164,did you remember to pay rent,865.0,1,2,0.112,0.291,22,0,personal
m00165,can you grab milk on the way home,487.8,0,2,0.198,0.673,18,0,personal
m00166,"Foothills Credit Union: a purchase of $91.99 was made on your card ending 2654. If this wasn't you, call the number on the back of your card.",944.1,538,5752,0.755,0.13,18,0,business_notification
m00167,lol that was so funny,276.0,1,6,0.054,0.759,13,0,personal
m00168,Prairie Parcel: your package is on hold due to unpaid shipping fee ($1.99). Pay now: http://rewards-ca.link/iSEgP,4.6,144,140,0.988,0.001,10,1,parcel_fee
m00169,You're invited: Stampede Sports members' night Friday. Win prizes & more. Reply STOP to opt out,4090.0,1066,1874,0.791,0.01,11,0,marketing_legit
m00170,Your Interac e-Transfer of $9.22 is pending. Accept deposit: cra-refund-youf.xyz,1295.5,9,44,0.655,0.001,7,1,bank_phish
m00171,"hey dad its me, new phone. can you do me a favour? need to pay a bill today",1.3,27,33,0.955,0.107,15,1,hi_mum
m00172,meet at Chinook at 2:00?,1652.3,1,5,0.09,0.521,13,0,personal
m00173,"can't talk rn, in a meeting",340.3,1,3,0.238,0.362,21,0,personal
m00174,mom says call her,110.2,1,3,0.129,0.714,20,0,personal
m00175,"Foothills Credit Union: a purchase of $42.17 was made on your card ending 4476. If this wasn't you, call the number on the back of your card.",2299.3,284,1270,0.952,0.069,14,0,business_notification
m00176,Your verification code is 811820. Do not share this code with anyone.,3783.7,256,17012,0.983,0.075,8,0,business_notification
m00177,here's that video lol vid.example/9rPzz,1593.5,1,6,0.055,0.419,9,0,personal
m00178,lmk if you want ramen tonight,6.3,2,5,0.044,0.72,13,0,personal
m00179,You have 1 unclaimed reward from Canadian Rewards Club. Claim within 24hrs: https://secure-fcu-verify.info/lkfq3,372.8,6,41,0.494,0.031,21,1,prize
m00180,hey are you free Thursday night?,1054.2,2,6,0.07,0.777,17,0,personal
m00181,Your order from Chinook Books has shipped. Track: bowriverdental.ca/c,912.2,120,836,0.865,0.049,18,0,business_notification
m00182,mom says call her,472.3,1,6,0.179,0.767,11,0,personal
m00183,good luck on your exam tmrw!,460.3,2,10,0.231,0.422,14,0,personal
m00184,hey are you free Tuesday night?,516.9,2,7,0.085,0.578,12,0,personal
m00185,lol that was so funny,534.2,0,6,0.005,0.809,12,0,personal
m00186,"i owe you $64 for the pho btw, etransferring now",467.7,3,2,0.033,0.608,9,0,personal
m00187,yes!! i got the job,2914.4,1,3,0.187,0.774,8,0,personal
m00188,hey are you free Sunday night?,2030.7,0,4,0.082,0.299,20,0,personal
m00189,lmk if you want pho tonight,19.2,2,4,0.011,0.684,20,0,personal
m00190,good luck on your exam tmrw!,495.4,1,2,0.175,0.363,21,0,personal
m00191,ok sounds good,403.3,2,8,0.009,0.702,20,0,personal
m00192,"hey its Jess, new number, save this one",3297.0,2,3,0.051,0.808,20,0,personal
m00193,You have 1 unclaimed reward from Canadian Rewards Club. Claim within 24hrs: bit.ly/vlbGxf,1.7,43,780,0.98,0.004,20,1,prize
m00194,what time is dinner,619.5,2,3,0.127,0.598,6,0,personal
m00195,"hey its Sam, new number, save this one",648.2,2,6,0.122,0.561,16,0,personal
m00196,meet at the coffee place at 11:00?,1168.5,1,2,0.001,0.255,14,0,personal
m00197,UGH THE C-TRAIN IS DELAYED AGAIN,218.2,3,3,0.023,0.37,17,0,personal
m00198,Last chance! 30% off at Northern Outfitters ends tonight. Shop chinookbooks.ca/track Reply STOP to unsubscribe,1150.0,204,4586,0.989,0.024,12,0,marketing_legit
m00199,"Foothills Credit Union: a purchase of $64.07 was made on your card ending 3507. If this wasn't you, call the number on the back of your card.",1116.9,117,534,0.59,0.023,14,0,business_notification
m00200,ugh the c-train is delayed again,3229.3,1,5,0.218,0.689,19,0,personal
m00201,here's that video lol vid.example/oYIdv,1635.2,2,5,0.255,0.473,18,0,personal
m00202,GOOD LUCK ON YOUR EXAM TMRW!,4.3,2,5,0.034,0.803,19,0,personal
m00203,You're invited: Stampede Sports members' night Monday. Win prizes & more. Reply STOP to opt out,1223.1,648,4143,0.859,0.008,18,0,marketing_legit
m00204,lmk if you want ramen tonight,595.3,5,5,0.008,0.486,22,0,personal
m00205,yes!! i got the job,3241.0,1,4,0.148,0.71,9,0,personal
m00206,"that's fine, see you Wednesday",348.1,1,2,0.186,0.388,12,0,personal
m00207,"i owe you $48 for the sushi btw, etransferring now",104.3,2,6,0.003,0.63,18,0,personal
m00208,Congratulations! Your number won our monthly draw. Call 1-900-555-7326 to claim your CASH prize before midnight!,6.2,69,1186,0.929,0.011,11,1,prize
m00209,"can't talk rn, in a meeting",779.3,1,5,0.075,0.629,9,0,personal
m00210,can you grab milk on the way home,973.1,2,7,0.053,0.805,7,0,personal
m00211,Bow River Dental: reminder of your appointment Monday at 9:30. Reply C to confirm or call 403-555-0142.,311.5,135,7242,0.905,0.091,12,0,business_notification
m00212,lol that was so funny,1011.1,0,2,0.026,0.661,21,0,personal
m00213,Your order from Chinook Books has shipped. Track: mplbn.ca/deal,1200.1,395,4373,0.858,0.023,13,0,business_notification
m00214,City of Calgary: your recycling pickup moves to Tuesday this week.,2609.2,299,2296,0.994,0.005,19,0,business_notification
m00215,lmk if you want pizza tonight,472.0,3,6,0.004,0.571,14,0,personal
m00216,lmk if you want tacos tonight,897.3,0,4,0.02,0.496,12,0,personal
m00217,lmk if you want tacos tonight,1029.6,1,4,0.023,0.71,14,0,personal
m00218,hey are you free Sunday night?,850.0,3,6,0.306,0.546,20,0,personal
m00219,Last chance! 30% off at Northern Outfitters ends tonight. Shop mplbn.ca/deal Reply STOP to unsubscribe,1442.9,494,2703,0.973,0.017,11,0,marketing_legit
m00220,did you see the game?? we win that one easy,298.8,0,9,0.119,0.619,14,0,personal
m00221,what time is dinner,1852.5,0,4,0.192,0.779,21,0,personal
m00222,good luck on your exam tmrw!,689.7,0,1,0.118,0.531,13,0,personal
m00223,good luck on your exam tmrw!,1078.4,2,4,0.031,0.762,21,0,personal
m00224,"free tickets to the flames game from work, want one?",5.6,1,5,0.166,0.548,23,0,personal
m00225,"free tickets to the flames game from work, want one?",1382.2,1,4,0.023,0.32,12,0,personal
m00226,what time is dinner,4695.8,0,5,0.012,0.756,15,0,personal
m00227,can you grab milk on the way home,2216.8,1,2,0.087,0.704,18,0,personal
m00228,lol that was so funny,6.2,1,4,0.201,0.423,16,0,personal
m00229,here's that video lol vid.example/eofJf,483.5,4,4,0.044,0.786,12,0,personal
m00230,UGH THE C-TRAIN IS DELAYED AGAIN,2698.1,0,5,0.013,0.644,14,0,personal
m00231,here's that video lol vid.example/aAmG3,1835.6,1,8,0.049,0.568,8,0,personal
m00232,ugh the c-train is delayed again,899.2,0,3,0.073,0.753,11,0,personal
m00233,City of Calgary: your recycling pickup moves to Tuesday this week.,2232.5,667,2173,0.982,0.08,16,0,business_notification
m00234,"running late, be there in 18 min",908.6,2,5,0.646,0.69,22,0,personal
m00235,City of Calgary: your recycling pickup moves to Friday this week.,2088.0,143,7749,0.872,0.235,15,0,business_notification
m00236,Prairie Parcel: your package was delivered to your front door at 11:00.,1364.9,894,1568,0.941,0.03,20,0,business_notification
m00237,"call me when you can, kinda urgent, it's about the car",1420.2,1,4,0.007,0.504,12,0,personal
m00238,"Foothills Credit Union: a purchase of $65.26 was made on your card ending 7254. If this wasn't you, call the number on the back of your card.",1049.7,172,3809,0.935,0.093,11,0,business_notification
m00239,lmk if you want ramen tonight,4620.5,2,8,0.018,0.65,11,0,personal
m00240,can you grab milk on the way home,1367.8,0,7,0.086,0.629,14,0,personal
m00241,Your verification code is 243709. Do not share this code with anyone.,1741.4,305,4784,0.871,0.007,18,0,business_notification
m00242,Your order from Chinook Books has shipped. Track: mplbn.ca/deal,1000.7,458,8837,0.801,0.008,20,0,business_notification
m00243,did you remember to pay rent,1102.3,2,2,0.043,0.611,11,0,personal
m00244,HEY ARE YOU FREE TUESDAY NIGHT?,1046.1,0,4,0.099,0.568,23,0,personal
m00245,Your Interac e-Transfer of $84.26 is pending. Accept deposit: https://secure-fcu-verify.info/w1a3v,2.4,98,1040,0.913,0.009,1,1,bank_phish
m00246,are u home? forgot my keys,736.4,2,4,0.225,0.764,15,0,personal
m00247,City of Calgary: your recycling pickup moves to Tuesday this week.,621.2,511,989,0.978,0.104,18,0,business_notification
m00248,"running late, be there in 13 min",1468.9,1,3,0.045,0.527,14,0,personal
m00249,Prairie Telecom: Upgrade today and get 2 months free. Details northernoutfitters.ca/sale Txt STOP to end,819.3,451,5979,0.98,0.101,16,0,marketing_legit
m00250,what time is dinner,503.7,1,5,0.055,0.487,7,0,personal
m00251,are u home? forgot my keys,1829.4,1,7,0.051,0.386,20,0,personal
m00252,"free tickets to the flames game from work, want one?",496.9,1,3,0.02,0.482,21,0,personal
m00253,happy birthday Chloe!! have an amazing day,291.3,1,3,0.125,0.748,14,0,personal
m00254,Bow River Dental: reminder of your appointment Thursday at 3:45. Reply C to confirm or call 403-555-0142.,3457.7,689,1237,0.994,0.009,11,0,business_notification
m00255,CRA: You have a pending refund of $154.29. Accept your deposit here http://cp-redeliver-xmv3.top/pay,2213.3,9,50,0.755,0.001,19,1,tax_refund
m00256,Your verification code is 236876. Do not share this code with anyone.,1733.1,238,3893,0.901,0.17,16,0,business_notification
m00257,"hey its Alex, new number, save this one",5.5,2,4,0.009,0.609,20,0,personal
m00258,are u home? forgot my keys,203.0,0,11,0.249,0.551,18,0,personal
m00259,lmk if you want sushi tonight,577.2,0,5,0.1,0.601,21,0,personal
m00260,did you see the game?? we win that one easy,725.7,1,4,0.085,0.777,17,0,personal
m00261,You're invited: Stampede Sports members' night Tuesday. Win prizes & more. Reply STOP to opt out,517.4,417,11173,0.976,0.009,19,0,marketing_legit
m00262,Your order from Chinook Books has shipped. Track: mplbn.ca/deal,1524.4,578,680,0.93,0.011,17,0,business_notification
m00263,"thanks for today, had a great time",5.4,0,6,0.011,0.837,6,0,personal
m00264,here's that video lol vid.example/hEavZ,861.7,1,5,0.103,0.355,17,0,personal
m00265,Your order from Chinook Books has shipped. Track: northernoutfitters.ca/sale,1824.8,982,3331,0.783,0.047,11,0,business_notification
m00266,Your Interac e-Transfer of $66.53 is pending. Accept deposit: bit.ly/1hKFSR,7.1,175,1022,0.996,0.028,6,1,bank_phish
m00267,did you remember to pay rent,1058.1,0,7,0.047,0.627,7,0,personal
m00268,OK SOUNDS GOOD,884.8,4,3,0.029,0.511,19,0,personal
m00269,mom says call her,2273.3,2,5,0.058,0.771,21,0,personal
m00270,did you see the game?? we win that one easy,578.1,1,3,0.089,0.682,17,0,personal
m00271,can you grab milk on the way home,7870.1,1,4,0.001,0.786,21,0,personal
m00272,CRA: You have a pending refund of $750.52. Accept your deposit here http://rewards-ca.link/YH1QT,13.6,18,2056,0.933,0.016,15,1,tax_refund
m00273,Your order from Chinook Books has shipped. Track: mplbn.ca/deal,3329.9,234,1429,0.876,0.048,16,0,business_notification
m00274,ugh the c-train is delayed again,493.8,1,1,0.173,0.568,12,0,personal
m00275,lol that was so funny,297.7,2,7,0.008,0.734,13,0,personal
m00276,lol that was so funny,309.0,1,6,0.052,0.681,19,0,personal
m00277,omw,5.3,1,6,0.04,0.796,19,0,personal
m00278,lol that was so funny,416.4,1,4,0.087,0.77,11,0,personal
m00279,Prairie Parcel: your package is on hold due to unpaid shipping fee ($1.99). Pay now: http://rewards-ca.link/Z95p4,1.1,66,1998,0.975,0.023,11,1,parcel_fee
m00280,ugh the c-train is delayed again,758.2,0,5,0.004,0.725,19,0,personal
m00281,Prairie Parcel: your package was delivered to your front door at 9:30.,2343.0,105,1191,0.819,0.088,13,0,business_notification
m00282,"Hi, I'm a recruiter with a remote part-time role, $300/day, flexible hours. Interested?",46.9,10,160,0.983,0.086,7,1,job_offer
m00283,lol that was so funny,377.8,1,7,0.116,0.39,22,0,personal
m00284,mom says call her,462.8,2,5,0.048,0.69,12,0,personal
m00285,what time is dinner,1651.4,2,4,0.015,0.613,20,0,personal
m00286,"i owe you $24 for the pho btw, etransferring now",605.6,0,1,0.2,0.435,21,0,personal
m00287,omw,2.4,1,4,0.118,0.408,16,0,personal
m00288,Your verification code is 116519. Do not share this code with anyone.,930.1,251,7075,0.896,0.04,14,0,business_notification
m00289,what time is dinner,4819.4,2,4,0.117,0.81,19,0,personal
m00290,"free tickets to the flames game from work, want one?",635.3,1,2,0.115,0.588,21,0,personal
m00291,"Hello, is this Dr. Kai? I wanted to confirm our meeting Wednesday",7.5,29,71,0.989,0.091,8,1,wrong_number
m00292,"hey its Kai, new number, save this one",403.0,0,3,0.193,0.539,12,0,personal
m00293,"Government of Canada: you are eligible for a benefit payment of $797.35. Final notice, apply at bit.ly/cRpM8Z",0.9,41,227,0.979,0.033,21,1,tax_refund
m00294,can you grab milk on the way home,737.4,2,9,0.067,0.28,15,0,personal
m00295,here's that video lol vid.example/JChfT,20.5,1,4,0.031,0.599,21,0,personal
m00296,Your verification code is 346005. Do not share this code with anyone.,1600.0,300,6162,0.998,0.209,13,0,business_notification
m00297,"hey dad its me, new phone. can you do me a favour? need to pay a bill today",3.0,2,91,0.969,0.082,13,1,hi_mum
m00298,Your Prairie Telecom bill of $36.71 is ready. View at mplbn.ca/deal. Reply STOP to opt out.,559.4,254,11907,0.965,0.037,9,0,business_notification
m00299,lmk if you want pho tonight,806.1,2,7,0.119,0.897,17,0,personal
m00300,You're invited: Stampede Sports members' night Thursday. Win prizes & more. Reply STOP to opt out,978.4,419,9019,0.935,0.038,13,0,marketing_legit
m00301,HEY ARE YOU FREE TUESDAY NIGHT?,1487.6,1,8,0.084,0.362,7,0,personal
m00302,You have 1 unclaimed reward from Canadian Rewards Club. Claim within 24hrs: bit.ly/lUSUe4,4.7,114,446,0.962,0.002,16,1,prize
m00303,"call me when you can, kinda urgent, it's about the car",1600.8,2,6,0.158,0.678,21,0,personal
m00304,"can't talk rn, in a meeting",533.2,0,7,0.026,0.626,11,0,personal
m00305,"thanks for today, had a great time",1262.5,2,8,0.058,0.442,19,0,personal
m00306,HEY ARE YOU FREE TUESDAY NIGHT?,267.1,2,4,0.017,0.535,16,0,personal
m00307,good luck on your exam tmrw!,399.1,1,4,0.098,0.556,18,0,personal
m00308,ok sounds good,758.6,2,9,0.073,0.744,18,0,personal
m00309,Bow River Dental: reminder of your appointment Tuesday at 3:45. Reply C to confirm or call 403-555-0142.,1006.3,344,1819,0.866,0.075,8,0,business_notification
m00310,happy birthday Chloe!! have an amazing day,1362.3,2,8,0.07,0.572,10,0,personal
m00311,mom says call her,1224.1,1,3,0.017,0.618,20,0,personal
m00312,here's that video lol vid.example/3FElV,1001.8,5,10,0.0,0.54,22,0,personal
m00313,You have 1 unclaimed reward from Canadian Rewards Club. Claim within 24hrs: https://secure-fcu-verify.info/vbrms,13.7,421,548,0.994,0.01,4,1,prize
m00314,LOL THAT WAS SO FUNNY,2147.5,1,5,0.1,0.316,10,0,personal
m00315,lmk if you want pizza tonight,1911.2,1,5,0.371,0.657,19,0,personal
m00316,omw,744.6,1,4,0.107,0.558,17,0,personal
m00317,You're invited: Stampede Sports members' night Sunday. Win prizes & more. Reply STOP to opt out,999.0,486,4285,0.897,0.048,17,0,marketing_legit
m00318,"can't talk rn, in a meeting",686.9,1,4,0.032,0.485,20,0,personal
m00319,hey are you free Monday night?,4349.3,2,7,0.193,0.493,18,0,personal
m00320,Congratulations! Your number won our monthly draw. Call 1-900-555-9756 to claim your CASH prize before midnight!,1.9,146,592,0.987,0.072,14,1,prize
m00321,here's that video lol vid.example/sSCKG,270.8,0,5,0.041,0.725,8,0,personal
m00322,"hey its Lena, new number, save this one",1421.6,0,2,0.003,0.909,20,0,personal
m00323,"i owe you $90 for the sushi btw, etransferring now",1278.4,3,8,0.035,0.603,4,0,personal
m00324,ALERT: Unusual sign-in on your Foothills Credit Union account. Verify immediately at http://rewards-ca.link/Vahtg or your account will be suspended.,2.3,99,768,0.944,0.038,6,1,bank_phish
m00325,Your order from Chinook Books has shipped. Track: mplbn.ca/deal,2688.2,298,2864,0.978,0.031,17,0,business_notification
m00326,"call me when you can, kinda urgent, it's about the car",913.7,1,5,0.237,0.582,22,0,personal
m00327,Maple Bean Coffee: FREE donut with any large coffee this weekend! Show this text. Reply STOP to opt out,1176.7,1491,6977,0.967,0.085,11,0,marketing_legit
m00328,meet at Kensington at 9:30?,843.6,0,5,0.183,0.609,20,0,personal
m00329,"winner!! you have been selected to receive a $1,000 gift card. claim now at https://secure-fcu-verify.info/zzijz",11.0,34,478,0.87,0.005,11,1,prize
m00330,"Hello! We saw your resume online. Simple online tasks, earn $450 daily. Reply YES to learn more",327.8,9,54,0.613,0.162,13,1,job_offer
m00331,lmk if you want pizza tonight,414.6,2,1,0.099,0.717,19,0,personal
m00332,"Hi mum, this is my new number, my phone broke. can you text me back here",93.5,21,40,0.899,0.404,1,1,hi_mum
m00333,Your Interac e-Transfer of $89.78 is pending. Accept deposit: bit.ly/kB0VFY,2.2,200,672,0.963,0.014,21,1,bank_phish
m00334,Prairie Parcel: your package was delivered to your front door at 3:45.,605.4,180,7820,0.983,0.099,8,0,business_notification
m00335,can you grab milk on the way home,2731.4,1,7,0.008,0.721,20,0,personal
m00336,happy birthday Chloe!! have an amazing day,2694.7,2,7,0.097,0.659,11,0,personal
m00337,"CAN'T TALK RN, IN A MEETING",201.3,1,5,0.114,0.624,6,0,personal
m00338,lol that was so funny,912.9,0,10,0.183,0.621,20,0,personal
m00339,Prairie Parcel: your package was delivered to your front door at 10:15.,1380.1,455,6871,0.717,0.007,13,0,business_notification
m00340,"Hello, is this Dr. Jordan? I wanted to confirm our meeting Friday",36.9,19,151,0.924,0.027,16,1,wrong_number
m00341,we attempted delivery of your parcel. reschedule and pay the $2.49 fee at http://rewards-ca.link/tptve within 48h.,0.8,92,914,0.987,0.012,15,1,parcel_fee
m00342,"Foothills Credit Union: a purchase of $63.63 was made on your card ending 4310. If this wasn't you, call the number on the back of your card.",1232.9,301,2157,0.936,0.212,20,0,business_notification
m00343,City of Calgary: your recycling pickup moves to Monday this week.,506.3,176,690,0.918,0.018,16,0,business_notification
m00344,did you remember to pay rent,109.0,3,3,0.066,0.361,14,0,personal
m00345,what time is dinner,562.7,1,5,0.081,0.701,17,0,personal
m00346,City of Calgary: your recycling pickup moves to Saturday this week.,1083.0,270,405,0.803,0.037,19,0,business_notification
m00347,"Hi it's Lena, lost my phone. Can you send me $930 by etransfer, I'll pay you back tomorrow",1.2,35,888,0.935,0.132,22,1,hi_mum
m00348,MOM SAYS CALL HER,787.3,1,4,0.273,0.747,22,0,personal
m00349,"Government of Canada: you are eligible for a benefit payment of $565.54. Final notice, apply at bit.ly/GEnE7N",3.3,64,1898,0.998,0.027,7,1,tax_refund
m00350,"Hi mum, this is my new number, my phone broke. can you text me back here",1.0,2,265,0.982,0.157,14,1,hi_mum
m00351,mom says call her,2061.6,0,5,0.053,0.593,17,0,personal
m00352,Prairie Parcel: your package was delivered to your front door at 11:00.,1185.8,133,4857,0.821,0.096,13,0,business_notification
m00353,can you grab milk on the way home,436.4,2,7,0.076,0.209,7,0,personal
m00354,are u home? forgot my keys,2132.7,1,4,0.132,0.824,10,0,personal
m00355,"i owe you $19 for the shawarma btw, etransferring now",1370.1,4,5,0.085,0.739,16,0,personal
m00356,Congratulations! Your number won our monthly draw. Call 1-900-555-6732 to claim your CASH prize before midnight!,3.3,77,591,0.782,0.076,22,1,prize
m00357,Prairie Telecom: Upgrade today and get 2 months free. Details prairietel.ca/bill Txt STOP to end,1786.7,457,10050,0.997,0.037,11,0,marketing_legit
m00358,did you see the game?? we win that one easy,912.2,1,5,0.295,0.719,17,0,personal
m00359,lmk if you want pizza tonight,1875.9,1,8,0.098,0.726,17,0,personal
m00360,City of Calgary: your recycling pickup moves to Sunday this week.,1456.0,448,1685,0.937,0.051,18,0,business_notification
m00361,what time is dinner,297.3,0,5,0.192,0.46,21,0,personal
m00362,mom says call her,1449.1,0,6,0.023,0.648,17,0,personal
m00363,Maple Bean Coffee: FREE donut with any large coffee this weekend! Show this text. Reply STOP to opt out,1897.2,330,8565,0.96,0.054,12,0,marketing_legit
m00364,"free tickets to the flames game from work, want one?",884.1,0,5,0.124,0.746,11,0,personal
m00365,"can't talk rn, in a meeting",551.8,2,6,0.118,0.344,20,0,personal
m00366,ok sounds good,745.2,1,3,0.223,0.628,15,0,personal
m00367,lol that was so funny,606.5,2,5,0.047,0.276,16,0,personal
m00368,lol that was so funny,2007.8,0,3,0.064,0.569,12,0,personal
m00369,"call me when you can, kinda urgent, it's about the car",1494.6,0,6,0.012,0.87,17,0,personal
m00370,lmk if you want tacos tonight,22540.2,1,5,0.052,0.476,19,0,personal
m00371,You're invited: Stampede Sports members' night Sunday. Win prizes & more. Reply STOP to opt out,1582.3,411,2665,0.973,0.002,12,0,marketing_legit
m00372,ARE U HOME? FORGOT MY KEYS,319.4,1,5,0.006,0.708,9,0,personal
m00373,"sorry, who is this? your number was in my contacts",15.2,6,52,0.981,0.176,14,1,wrong_number
m00374,"hey its Alex, new number, save this one",1083.8,0,5,0.094,0.598,17,0,personal
m00375,You're invited: Stampede Sports members' night Sunday. Win prizes & more. Reply STOP to opt out,469.6,723,4857,0.614,0.075,15,0,marketing_legit
m00376,"Hello! We saw your resume online. Simple online tasks, earn $300 daily. Reply YES to learn more",27.3,28,66,0.873,0.21,1,1,job_offer
m00377,Prairie Parcel: your package was delivered to your front door at 2:00.,1656.4,117,7003,0.889,0.078,10,0,business_notification
m00378,Congratulations! Your number won our monthly draw. Call 1-900-555-9765 to claim your CASH prize before midnight!,3.3,93,952,0.969,0.053,13,1,prize
m00379,did you remember to pay rent,2224.2,2,7,0.063,0.562,17,0,personal
m00380,"running late, be there in 12 min",557.6,1,6,0.209,0.462,18,0,personal
m00381,ugh the c-train is delayed again,1390.7,1,5,0.04,0.862,13,0,personal
m00382,"hey its Chloe, new number, save this one",287.4,1,6,0.024,0.412,20,0,personal
m00383,Your order from Chinook Books has shipped. Track: northernoutfitters.ca/sale,1184.9,276,4759,0.999,0.259,11,0,business_notification
m00384,lol that was so funny,2603.5,3,3,0.133,0.608,10,0,personal
m00385,lol that was so funny,432.9,2,3,0.004,0.653,18,0,personal
m00386,lol that was so funny,1777.4,0,5,0.024,0.595,11,0,personal
m00387,"i owe you $31 for the pho btw, etransferring now",368.5,2,4,0.068,0.61,9,0,personal
m00388,Your Prairie Telecom bill of $71.12 is ready. View at northernoutfitters.ca/sale. Reply STOP to opt out.,1573.7,299,6112,0.67,0.139,14,0,business_notification
m00389,security notice: your card has been locked. confirm your identity now https://secure-fcu-verify.info/gmisw,17.7,148,406,0.998,0.033,1,1,bank_phish
m00390,"i owe you $50 for the pho btw, etransferring now",1243.6,2,4,0.07,0.634,0,0,personal
m00391,Prairie Parcel: your package was delivered to your front door at 11:00.,971.3,216,1457,0.968,0.018,10,0,business_notification
m00392,"call me when you can, kinda urgent, it's about the car",606.5,3,6,0.177,0.442,12,0,personal
m00393,"free tickets to the flames game from work, want one?",1454.1,3,4,0.106,0.573,21,0,personal
m00394,Maple Bean Coffee: FREE donut with any large coffee this weekend! Show this text. Reply STOP to opt out,684.0,1898,4803,0.91,0.014,9,0,marketing_legit
m00395,"call me when you can, kinda urgent, it's about the car",348.8,1,5,0.048,0.528,20,0,personal
m00396,ok sounds good,2916.7,1,5,0.096,0.553,2,0,personal
m00397,ALERT: Unusual sign-in on your Foothills Credit Union account. Verify immediately at https://secure-fcu-verify.info/uqfyl or your account will be suspended.,1.1,346,669,0.868,0.032,16,1,bank_phish
m00398,"can't talk rn, in a meeting",791.2,3,5,0.016,0.486,21,0,personal
m00399,"Foothills Credit Union: a purchase of $14.34 was made on your card ending 3483. If this wasn't you, call the number on the back of your card.",1119.5,652,875,0.993,0.092,20,0,business_notification
m00400,Prairie Parcel: your package is on hold due to unpaid shipping fee ($2.49). Pay now: http://rewards-ca.link/zrsJY,5.3,78,1629,0.997,0.008,22,1,parcel_fee
m00401,hey are you free Wednesday night?,514.6,1,8,0.018,0.62,17,0,personal
m00402,did you remember to pay rent,6.7,1,5,0.232,0.311,0,0,personal
m00403,CRA: You have a pending refund of $486.84. Accept your deposit here http://rewards-ca.link/9mYjn,273.5,9,36,0.499,0.024,19,1,tax_refund
m00404,Prairie Telecom: Upgrade today and get 2 months free. Details chinookbooks.ca/track Txt STOP to end,825.1,807,19145,0.891,0.019,9,0,marketing_legit
m00405,"can't talk rn, in a meeting",593.3,1,3,0.002,0.564,17,0,personal
m00406,"running late, be there in 21 min",566.8,2,6,0.075,0.273,17,0,personal
m00407,can you grab milk on the way home,2104.5,1,3,0.063,0.556,13,0,personal
m00408,Prairie Telecom: Upgrade today and get 2 months free. Details chinookbooks.ca/track Txt STOP to end,1863.5,181,2966,0.637,0.036,16,0,marketing_legit
m00409,Your Interac e-Transfer of $36.87 is pending. Accept deposit: cra-refund-dna0.xyz,1.0,170,124,0.975,0.001,23,1,bank_phish
m00410,yes!! i got the job,850.6,4,4,0.078,0.918,22,0,personal
m00411,ugh the c-train is delayed again,2841.8,1,2,0.04,0.915,13,0,personal
m00412,"Hi, I'm a recruiter with a remote part-time role, $250/day, flexible hours. Interested?",10.9,11,154,0.98,0.278,10,1,job_offer
m00413,good luck on your exam tmrw!,1258.7,2,6,0.153,0.605,13,0,personal
m00414,You're invited: Stampede Sports members' night Thursday. Win prizes & more. Reply STOP to opt out,1406.8,950,3149,0.723,0.007,17,0,marketing_legit
m00415,"can't talk rn, in a meeting",342.7,0,6,0.041,0.632,20,0,personal
m00416,lmk if you want sushi tonight,1899.0,0,3,0.133,0.317,13,0,personal
m00417,"Hi, I'm a recruiter with a remote part-time role, $450/day, flexible hours. Interested?",644.9,13,38,0.625,0.271,15,1,job_offer
m00418,are u home? forgot my keys,2333.4,1,10,0.394,0.645,13,0,personal
m00419,"Foothills Credit Union: a purchase of $77.40 was made on your card ending 8001. If this wasn't you, call the number on the back of your card.",1285.1,680,1292,0.768,0.014,12,0,business_notification
m00420,"hey its Jess, new number, save this one",648.7,2,7,0.053,0.557,17,0,personal
m00421,yes!! i got the job,792.4,2,5,0.004,0.524,19,0,personal
m00422,Prairie Telecom: Upgrade today and get 2 months free. Details bowriverdental.ca/c Txt STOP to end,1060.2,438,5384,0.947,0.005,13,0,marketing_legit
m00423,"i owe you $26 for the sushi btw, etransferring now",519.8,0,4,0.015,0.769,9,0,personal
m00424,"can't talk rn, in a meeting",397.9,1,8,0.019,0.869,18,0,personal
m00425,ugh the c-train is delayed again,648.5,0,6,0.005,0.489,18,0,personal
m00426,"hey its Sam, new number, save this one",9601.4,0,3,0.291,0.705,19,0,personal
m00427,yes!! i got the job,1386.2,2,6,0.046,0.739,0,0,personal
m00428,"Foothills Credit Union: a purchase of $71.39 was made on your card ending 2511. If this wasn't you, call the number on the back of your card.",1337.7,89,1209,0.803,0.041,17,0,business_notification
m00429,CRA: You have a pending refund of $371.82. Accept your deposit here https://secure-fcu-verify.info/gvrgr,2.9,53,4919,0.99,0.011,6,1,tax_refund
m00430,"can't talk rn, in a meeting",1068.8,1,7,0.255,0.431,14,0,personal
m00431,"running late, be there in 23 min",285.8,0,3,0.253,0.707,11,0,personal
m00432,"Hello, is this Dr. Kai? I wanted to confirm our meeting Friday",3957.1,10,34,0.439,0.12,19,1,wrong_number
m00433,Your order from Chinook Books has shipped. Track: prairietel.ca/bill,1441.9,204,2942,0.72,0.077,18,0,business_notification
m00434,ugh the c-train is delayed again,542.4,1,6,0.009,0.679,11,0,personal
m00435,"free tickets to the flames game from work, want one?",341.6,0,2,0.302,0.621,19,0,personal
m00436,Your order from Chinook Books has shipped. Track: prairietel.ca/bill,2563.5,247,1572,0.999,0.023,17,0,business_notification
m00437,"thanks for today, had a great time",3096.0,2,4,0.109,0.539,18,0,personal
m00438,"Foothills Credit Union: a purchase of $41.37 was made on your card ending 5345. If this wasn't you, call the number on the back of your card.",1428.7,430,5801,0.982,0.009,15,0,business_notification
m00439,"Hello, is this Dr. Ravi? I wanted to confirm our meeting Wednesday",6.5,10,187,0.942,0.155,0,1,wrong_number
m00440,"free tickets to the flames game from work, want one?",231.1,2,5,0.163,0.874,8,0,personal
m00441,"call me when you can, kinda urgent, it's about the car",1237.6,0,5,0.04,0.658,21,0,personal
m00442,lol that was so funny,1300.1,0,7,0.04,0.685,0,0,personal
m00443,happy birthday Chloe!! have an amazing day,344.3,1,4,0.064,0.81,20,0,personal
m00444,DID YOU REMEMBER TO PAY RENT,339.2,0,6,0.011,0.715,16,0,personal
m00445,Last chance! 30% off at Northern Outfitters ends tonight. Shop northernoutfitters.ca/sale Reply STOP to unsubscribe,1214.0,880,9331,0.974,0.035,11,0,marketing_legit
m00446,Prairie Parcel: your package was delivered to your front door at 9:30.,2343.0,314,4677,0.939,0.296,17,0,business_notification
m00447,Maple Bean Coffee: FREE donut with any large coffee this weekend! Show this text. Reply STOP to opt out,643.2,406,6328,0.85,0.056,13,0,marketing_legit
m00448,Prairie Telecom: Upgrade today and get 2 months free. Details prairietel.ca/bill Txt STOP to end,793.9,429,5212,0.889,0.008,13,0,marketing_legit
m00449,lmk if you want pho tonight,1340.0,0,4,0.155,0.642,23,0,personal
m00450,Prairie Parcel: your package was delivered to your front door at 3:45.,612.1,129,7184,0.963,0.107,20,0,business_notification
m00451,"can't talk rn, in a meeting",957.2,1,4,0.298,0.355,0,0,personal
m00452,omw,8.5,3,5,0.011,0.703,22,0,personal
m00453,Bow River Dental: reminder of your appointment Wednesday at 11:00. Reply C to confirm or call 403-555-0142.,724.6,362,1222,0.926,0.101,19,0,business_notification
m00454,"WINNER!! You have been selected to receive a $1,000 gift card. Claim now at https://secure-fcu-verify.info/jzla8",7.6,717,805,0.956,0.026,18,1,prize
m00455,lol that was so funny,811.3,1,5,0.016,0.479,19,0,personal
m00456,you have 1 unclaimed reward from canadian rewards club. claim within 24hrs: http://cp-redeliver-nrvr.top/pay,3.3,86,1796,0.989,0.0,9,1,prize
m00457,ok sounds good,1855.0,1,7,0.028,0.573,19,0,personal
m00458,"call me when you can, kinda urgent, it's about the car",33.3,4,5,0.106,0.416,15,0,personal
m00459,ugh the c-train is delayed again,408.3,1,3,0.049,0.824,20,0,personal
m00460,ARE U HOME? FORGOT MY KEYS,810.0,2,1,0.029,0.685,23,0,personal
m00461,ugh the c-train is delayed again,379.9,1,9,0.054,0.495,16,0,personal
m00462,"call me when you can, kinda urgent, it's about the car",854.2,1,3,0.165,0.564,19,0,personal
m00463,can you grab milk on the way home,821.1,2,4,0.097,0.629,16,0,personal
m00464,lmk if you want pho tonight,603.4,1,4,0.05,0.621,11,0,personal
m00465,good luck on your exam tmrw!,2062.8,0,3,0.013,0.797,17,0,personal
m00466,"running late, be there in 23 min",423.4,1,4,0.064,0.651,21,0,personal
m00467,"Hi, I'm a recruiter with a remote part-time role, $450/day, flexible hours. Interested?",494.1,5,51,0.481,0.204,10,1,job_offer
m00468,"Hi mum, this is my new number, my phone broke. can you text me back here",7.5,43,88,0.928,0.27,6,1,hi_mum
m00469,ok sounds good,742.2,1,6,0.196,0.404,20,0,personal
m00470,Your verification code is 709630. Do not share this code with anyone.,2682.2,521,1945,0.879,0.127,10,0,business_notification
m00471,"running late, be there in 9 min",612.9,2,4,0.15,0.49,19,0,personal
m00472,City of Calgary: your recycling pickup moves to Friday this week.,1004.8,160,8116,0.881,0.078,14,0,business_notification
m00473,mom says call her,303.8,1,6,0.063,0.677,20,0,personal
m00474,lmk if you want pho tonight,650.0,2,6,0.091,0.812,8,0,personal
m00475,here's that video lol vid.example/o7QbH,900.6,0,10,0.315,0.759,18,0,personal
m00476,City of Calgary: your recycling pickup moves to Saturday this week.,1699.6,468,1753,0.951,0.01,10,0,business_notification
m00477,City of Calgary: your recycling pickup moves to Thursday this week.,1190.1,215,3033,0.99,0.044,11,0,business_notification
m00478,omw,1440.0,3,4,0.022,0.478,22,0,personal
m00479,happy birthday Omar!! have an amazing day,349.7,3,4,0.056,0.521,12,0,personal
m00480,Your order from Chinook Books has shipped. Track: northernoutfitters.ca/sale,1695.2,116,2150,0.98,0.322,10,0,business_notification
m00481,happy birthday Lena!! have an amazing day,1877.1,2,4,0.087,0.681,15,0,personal
m00482,did you see the game?? we win that one easy,985.2,1,3,0.023,0.802,11,0,personal
m00483,"thanks for today, had a great time",363.8,2,7,0.129,0.774,9,0,personal
m00484,You're invited: Stampede Sports members' night Friday. Win prizes & more. Reply STOP to opt out,1783.2,425,6741,0.918,0.042,17,0,marketing_legit
m00485,lol that was so funny,456.6,1,2,0.047,0.368,20,0,personal
m00486,"call me when you can, kinda urgent, it's about the car",127.2,1,6,0.262,0.32,16,0,personal
m00487,"Hello! We saw your resume online. Simple online tasks, earn $300 daily. Reply YES to learn more",5.2,26,50,0.872,0.193,10,1,job_offer
m00488,You're invited: Stampede Sports members' night Monday. Win prizes & more. Reply STOP to opt out,841.0,145,5764,0.895,0.036,11,0,marketing_legit
m00489,"running late, be there in 13 min",415.8,1,3,0.038,0.863,21,0,personal
m00490,Prairie Parcel: your package was delivered to your front door at 9:30.,1267.5,234,1973,0.561,0.118,17,0,business_notification
m00491,mom says call her,1402.0,2,2,0.178,0.492,21,0,personal
m00492,"call me when you can, kinda urgent, it's about the car",653.4,3,3,0.032,0.373,22,0,personal
m00493,lmk if you want ramen tonight,1018.9,1,5,0.105,0.632,19,0,personal
m00494,"free tickets to the flames game from work, want one?",639.7,1,2,0.2,0.388,18,0,personal
m00495,good luck on your exam tmrw!,848.4,1,5,0.005,0.314,13,0,personal
m00496,did you see the game?? we win that one easy,675.1,4,4,0.086,0.585,9,0,personal
m00497,what time is dinner,764.7,0,6,0.165,0.576,17,0,personal
m00498,lmk if you want sushi tonight,3724.5,0,5,0.065,0.697,10,0,personal
m00499,"Hi it's Sam, lost my phone. Can you send me $810 by etransfer, I'll pay you back tomorrow",1.8,33,26,0.965,0.277,20,1,hi_mum
m00500,yes!! i got the job,743.7,3,6,0.253,0.667,20,0,personal
m00501,yes!! i got the job,3678.0,0,3,0.026,0.742,7,0,personal
m00502,lmk if you want tacos tonight,453.2,0,3,0.108,0.796,12,0,personal
m00503,"CAN'T TALK RN, IN A MEETING",1682.7,4,10,0.042,0.414,13,0,personal
m00504,hey are you free Monday night?,450.9,1,7,0.025,0.498,13,0,personal
m00505,"hey its Jess, new number, save this one",624.3,1,3,0.059,0.664,13,0,personal
m00506,what time is dinner,877.2,1,3,0.289,0.549,12,0,personal
m00507,"call me when you can, kinda urgent, it's about the car",644.2,4,5,0.091,0.653,8,0,personal
m00508,Last chance! 30% off at Northern Outfitters ends tonight. Shop mplbn.ca/deal Reply STOP to unsubscribe,889.1,1820,40899,0.894,0.009,17,0,marketing_legit
m00509,"WINNER!! You have been selected to receive a $1,500 gift card. Claim now at bit.ly/A2emZG",0.9,37,601,0.993,0.071,13,1,prize
m00510,MEET AT KENSINGTON AT 10:15?,3.8,0,7,0.124,0.547,7,0,personal
m00511,Bow River Dental: reminder of your appointment Saturday at 9:30. Reply C to confirm or call 403-555-0142.,3632.3,135,5890,0.68,0.006,16,0,business_notification
m00512,"that's fine, see you Friday",706.4,2,4,0.15,0.52,13,0,personal
m00513,"i owe you $16 for the ramen btw, etransferring now",698.1,2,5,0.006,0.379,20,0,personal
m00514,Prairie Parcel: your package is on hold due to unpaid shipping fee ($1.99). Pay now: http://rewards-ca.link/Cy45X,15.2,67,331,0.96,0.015,17,1,parcel_fee
m00515,mom says call her,2227.2,2,5,0.064,0.634,14,0,personal
m00516,Bow River Dental: reminder of your appointment Sunday at 3:45. Reply C to confirm or call 403-555-0142.,3633.4,291,1748,0.877,0.027,13,0,business_notification
m00517,Maple Bean Coffee: FREE donut with any large coffee this weekend! Show this text. Reply STOP to opt out,708.6,453,7494,0.924,0.032,13,0,marketing_legit
m00518,"Foothills Credit Union: a purchase of $51.94 was made on your card ending 4108. If this wasn't you, call the number on the back of your card.",1162.2,126,2675,0.713,0.025,18,0,business_notification
m00519,Last chance! 30% off at Northern Outfitters ends tonight. Shop chinookbooks.ca/track Reply STOP to unsubscribe,805.5,873,3588,0.907,0.021,15,0,marketing_legit
m00520,lol that was so funny,1078.0,2,9,0.086,0.572,21,0,personal
m00521,Bow River Dental: reminder of your appointment Wednesday at 2:00. Reply C to confirm or call 403-555-0142.,1978.6,160,3010,0.891,0.046,20,0,business_notification
m00522,did you remember to pay rent,1690.1,2,2,0.068,0.605,8,0,personal
m00523,here's that video lol vid.example/il4qf,338.2,3,10,0.079,0.631,9,0,personal
m00524,"thanks for today, had a great time",1999.3,1,2,0.245,0.419,16,0,personal
m00525,lol that was so funny,1612.7,2,2,0.023,0.648,10,0,personal
m00526,hey are you free Monday night?,1219.8,4,8,0.007,0.361,18,0,personal
m00527,good luck on your exam tmrw!,2499.4,1,5,0.076,0.777,7,0,personal
m00528,OK SOUNDS GOOD,1500.7,5,5,0.029,0.683,20,0,personal
m00529,"hey dad its me, new phone. can you do me a favour? need to pay a bill today",2.1,24,220,0.997,0.141,11,1,hi_mum
m00530,"hey its Lena, new number, save this one",526.3,2,12,0.316,0.506,20,0,personal
m00531,omw,393.8,2,4,0.029,0.71,19,0,personal
m00532,lmk if you want pho tonight,946.0,0,6,0.017,0.521,16,0,personal
m00533,can you grab milk on the way home,1413.8,2,4,0.041,0.683,10,0,personal
m00534,Your order from Chinook Books has shipped. Track: mplbn.ca/deal,1114.3,187,6246,0.965,0.007,15,0,business_notification
m00535,"Hi mum, this is my new number, my phone broke. can you text me back here",1.4,13,169,0.911,0.162,3,1,hi_mum
m00536,Congratulations! Your number won our monthly draw. Call 1-900-555-7317 to claim your CASH prize before midnight!,1.8,63,461,0.971,0.044,5,1,prize
m00537,lol that was so funny,1358.8,1,2,0.189,0.749,21,0,personal
m00538,Your Prairie Telecom bill of $62.70 is ready. View at prairietel.ca/bill. Reply STOP to opt out.,2091.9,238,3135,0.96,0.012,8,0,business_notification
m00539,hey are you free Monday night?,2451.7,1,5,0.073,0.661,11,0,personal
m00540,Your Prairie Telecom bill of $20.66 is ready. View at bowriverdental.ca/c. Reply STOP to opt out.,728.7,276,1553,0.908,0.108,13,0,business_notification
m00541,"Foothills Credit Union: a purchase of $90.38 was made on your card ending 1484. If this wasn't you, call the number on the back of your card.",2030.7,207,2972,0.746,0.016,8,0,business_notification
m00542,Hi is this Maya? We met at the golf club last week,1.4,27,398,0.96,0.066,20,1,wrong_number
m00543,Prairie Parcel: your package was delivered to your front door at 3:45.,1429.0,330,2112,0.967,0.016,13,0,business_notification
m00544,"thanks for today, had a great time",1114.9,2,4,0.277,0.679,19,0,personal
m00545,are u home? forgot my keys,6.3,4,5,0.21,0.855,17,0,personal
m00546,are u home? forgot my keys,7.9,2,6,0.207,0.527,10,0,personal
m00547,Prairie Parcel: your package was delivered to your front door at 7:00.,1727.7,269,2607,0.713,0.123,9,0,business_notification
m00548,"running late, be there in 19 min",2.4,0,6,0.027,0.396,18,0,personal
m00549,can you grab milk on the way home,176.9,1,4,0.065,0.879,16,0,personal
m00550,"call me when you can, kinda urgent, it's about the car",777.8,0,5,0.027,0.319,23,0,personal
m00551,"hey its Maya, new number, save this one",670.2,1,3,0.069,0.41,15,0,personal
m00552,did you see the game?? we win that one easy,873.1,1,3,0.006,0.781,18,0,personal
m00553,"Foothills Credit Union: a purchase of $25.95 was made on your card ending 5748. If this wasn't you, call the number on the back of your card.",1671.4,348,2649,1.0,0.045,15,0,business_notification
m00554,"free tickets to the flames game from work, want one?",180.5,1,6,0.004,0.592,16,0,personal
m00555,"can't talk rn, in a meeting",591.1,3,5,0.046,0.779,11,0,personal
m00556,"thanks for today, had a great time",1333.5,3,7,0.0,0.261,14,0,personal
m00557,Your verification code is 172323. Do not share this code with anyone.,1011.7,196,1726,0.986,0.039,14,0,business_notification
m00558,"running late, be there in 19 min",2156.1,1,3,0.096,0.809,22,0,personal
m00559,Your Prairie Telecom bill of $36.17 is ready. View at prairietel.ca/bill. Reply STOP to opt out.,1788.3,158,3191,0.96,0.046,9,0,business_notification
m00560,"free tickets to the flames game from work, want one?",2629.2,3,8,0.053,0.168,10,0,personal
m00561,what time is dinner,1207.5,3,10,0.088,0.447,11,0,personal
m00562,what time is dinner,1567.1,4,5,0.135,0.357,17,0,personal
m00563,ugh the c-train is delayed again,1018.9,1,4,0.034,0.616,22,0,personal
m00564,ok sounds good,747.8,2,4,0.076,0.494,9,0,personal
m00565,ugh the c-train is delayed again,245.8,1,10,0.131,0.71,18,0,personal
m00566,"i owe you $71 for the sushi btw, etransferring now",449.6,0,3,0.211,0.7,21,0,personal
m00567,yes!! i got the job,1078.3,0,5,0.13,0.649,20,0,personal
m00568,"can't talk rn, in a meeting",2375.7,0,4,0.097,0.699,2,0,personal
m00569,lol that was so funny,525.5,3,4,0.024,0.695,18,0,personal
m00570,did you remember to pay rent,1723.0,1,5,0.019,0.518,20,0,personal
m00571,Your Prairie Telecom bill of $49.37 is ready. View at northernoutfitters.ca/sale. Reply STOP to opt out.,1139.8,267,3337,0.927,0.176,14,0,business_notification
m00572,Bow River Dental: reminder of your appointment Monday at 7:00. Reply C to confirm or call 403-555-0142.,2629.4,205,1575,0.916,0.088,9,0,business_notification
m00573,meet at Kensington at 2:00?,344.2,0,5,0.103,0.483,21,0,personal
m00574,"Foothills Credit Union: a purchase of $69.48 was made on your card ending 5076. If this wasn't you, call the number on the back of your card.",514.2,228,19352,0.905,0.018,11,0,business_notification
m00575,lmk if you want shawarma tonight,680.4,3,5,0.096,0.56,17,0,personal
m00576,Prairie Telecom: Upgrade today and get 2 months free. Details northernoutfitters.ca/sale Txt STOP to end,983.8,161,3149,0.946,0.022,13,0,marketing_legit
m00577,can you grab milk on the way home,748.8,3,7,0.036,0.312,8,0,personal
m00578,happy birthday Kai!! have an amazing day,738.4,2,5,0.086,0.759,14,0,personal
m00579,what time is dinner,942.7,1,5,0.386,0.854,9,0,personal
m00580,We attempted delivery of your parcel. Reschedule and pay the $1.99 fee at bit.ly/5amXdF within 48h.,25.9,438,473,0.992,0.031,4,1,parcel_fee
m00581,DID YOU SEE THE GAME?? WE WIN THAT ONE EASY,436.1,0,4,0.173,0.345,13,0,personal
m00582,Your order from Chinook Books has shipped. Track: northernoutfitters.ca/sale,1885.5,920,10222,0.965,0.03,9,0,business_notification
m00583,"that's fine, see you Sunday",2926.6,2,2,0.041,0.811,19,0,personal
m00584,"Foothills Credit Union: a purchase of $73.41 was made on your card ending 6983. If this wasn't you, call the number on the back of your card.",1117.5,519,2005,0.969,0.011,18,0,business_notification
m00585,HEY ARE YOU FREE TUESDAY NIGHT?,1119.7,2,3,0.007,0.605,14,0,personal
m00586,ugh the c-train is delayed again,1659.1,3,3,0.009,0.641,16,0,personal
m00587,"i owe you $20 for the ramen btw, etransferring now",903.4,1,5,0.178,0.731,23,0,personal
m00588,good luck on your exam tmrw!,557.0,0,5,0.326,0.503,20,0,personal
m00589,"i owe you $61 for the ramen btw, etransferring now",1463.7,0,5,0.103,0.851,9,0,personal
m00590,what time is dinner,1445.0,1,4,0.212,0.583,21,0,personal
m00591,yes!! i got the job,1566.1,2,8,0.105,0.213,21,0,personal
m00592,You're invited: Stampede Sports members' night Friday. Win prizes & more. Reply STOP to opt out,1002.9,514,6672,0.875,0.095,11,0,marketing_legit
m00593,Last chance! 30% off at Northern Outfitters ends tonight. Shop chinookbooks.ca/track Reply STOP to unsubscribe,1634.8,559,10206,0.975,0.005,15,0,marketing_legit
m00594,Last chance! 30% off at Northern Outfitters ends tonight. Shop prairietel.ca/bill Reply STOP to unsubscribe,763.3,509,8436,0.728,0.007,11,0,marketing_legit
m00595,"WINNER!! You have been selected to receive a $1,500 gift card. Claim now at cra-refund-2hmc.xyz",7.7,198,169,0.946,0.018,8,1,prize
m00596,You have 1 unclaimed reward from Canadian Rewards Club. Claim within 24hrs: http://cp-redeliver-mbjb.top/pay,4.2,28,450,0.939,0.0,20,1,prize
m00597,Prairie Parcel: your package was delivered to your front door at 7:00.,1728.7,164,6651,0.861,0.03,8,0,business_notification
m00598,meet at the coffee place at 7:00?,242.8,1,4,0.061,0.789,21,0,personal
m00599,"that's fine, see you Saturday",434.7,2,6,0.109,0.928,8,0,personal
m00600,hey are you free Tuesday night?,1571.2,2,3,0.045,0.561,18,0,personal
m00601,Prairie Parcel: your package was delivered to your front door at 10:15.,3306.3,144,3973,0.933,0.037,18,0,business_notification
m00602,"that's fine, see you Saturday",3167.1,0,6,0.052,0.618,9,0,personal
m00603,City of Calgary: your recycling pickup moves to Thursday this week.,1493.3,228,778,0.828,0.075,12,0,business_notification
m00604,did you see the game?? we win that one easy,1573.7,0,7,0.441,0.53,23,0,personal
m00605,meet at the gym at 7:00?,1397.3,0,5,0.016,0.522,14,0,personal
m00606,"i owe you $67 for the pizza btw, etransferring now",441.3,2,8,0.05,0.657,13,0,personal
m00607,MEET AT WORK AT 11:00?,357.2,1,9,0.016,0.437,23,0,personal
m00608,mom says call her,1728.8,0,3,0.03,0.64,11,0,personal
m00609,Your verification code is 187995. Do not share this code with anyone.,1268.3,129,4802,0.901,0.03,20,0,business_notification
m00610,Prairie Parcel: your package was delivered to your front door at 2:00.,1501.0,543,555,0.863,0.231,10,0,business_notification
m00611,"Hi mum, this is my new number, my phone broke. can you text me back here",2.9,14,521,0.986,0.161,2,1,hi_mum
m00612,"Government of Canada: you are eligible for a benefit payment of $196.55. Final notice, apply at https://secure-fcu-verify.info/v6qmy",6.9,40,379,0.988,0.094,3,1,tax_refund
m00613,Your order from Chinook Books has shipped. Track: northernoutfitters.ca/sale,1856.4,242,1579,0.868,0.163,12,0,business_notification
m00614,"hey its Ravi, new number, save this one",898.0,2,5,0.209,0.494,16,0,personal
m00615,what time is dinner,1871.4,2,6,0.109,0.448,11,0,personal
m00616,are u home? forgot my keys,996.6,0,4,0.154,0.471,18,0,personal
m00617,"Hi mum, this is my new number, my phone broke. can you text me back here",3460.7,9,47,0.074,0.132,11,1,hi_mum
m00618,did you remember to pay rent,1380.7,2,7,0.064,0.818,21,0,personal
m00619,"hey its Jess, new number, save this one",414.7,1,10,0.003,0.803,19,0,personal
m00620,what time is dinner,2691.7,1,5,0.148,0.709,18,0,personal
m00621,happy birthday Jess!! have an amazing day,1962.6,3,7,0.338,0.639,21,0,personal
m00622,"that's fine, see you Wednesday",498.9,0,8,0.111,0.661,22,0,personal
m00623,are u home? forgot my keys,391.7,2,2,0.043,0.739,16,0,personal
m00624,here's that video lol vid.example/rDyMN,597.2,4,6,0.05,0.699,16,0,personal
m00625,Your verification code is 414901. Do not share this code with anyone.,752.9,594,10908,0.875,0.114,14,0,business_notification
m00626,Last chance! 30% off at Northern Outfitters ends tonight. Shop chinookbooks.ca/track Reply STOP to unsubscribe,1545.6,320,12796,0.943,0.012,12,0,marketing_legit
m00627,"THANKS FOR TODAY, HAD A GREAT TIME",331.3,3,4,0.044,0.508,13,0,personal
m00628,Prairie Parcel: your package is on hold due to unpaid shipping fee ($2.49). Pay now: bit.ly/BE8Svv,2.6,129,1472,0.998,0.011,9,1,parcel_fee
m00629,ok sounds good,515.6,1,5,0.083,0.457,21,0,personal
m00630,"that's fine, see you Sunday",894.7,2,9,0.124,0.741,19,0,personal
m00631,"hey its Mo, new number, save this one",852.0,3,6,0.058,0.349,10,0,personal
m00632,Your Prairie Telecom bill of $35.05 is ready. View at northernoutfitters.ca/sale. Reply STOP to opt out.,1807.1,234,3541,0.83,0.082,13,0,business_notification
m00633,"THANKS FOR TODAY, HAD A GREAT TIME",1128.5,1,5,0.081,0.666,23,0,personal
m00634,Bow River Dental: reminder of your appointment Friday at 11:00. Reply C to confirm or call 403-555-0142.,2458.7,361,1029,0.968,0.006,18,0,business_notification
m00635,"call me when you can, kinda urgent, it's about the car",2888.3,1,3,0.11,0.406,19,0,personal
m00636,Your Prairie Telecom bill of $25.53 is ready. View at prairietel.ca/bill. Reply STOP to opt out.,1097.9,239,3986,0.944,0.011,20,0,business_notification
m00637,what time is dinner,689.3,2,4,0.077,0.716,12,0,personal
m00638,meet at the Superstore at 6:30?,514.2,3,7,0.029,0.625,7,0,personal
m00639,Prairie Parcel: your package was delivered to your front door at 6:30.,1905.6,333,2310,0.757,0.103,15,0,business_notification
m00640,"sorry, who is this? your number was in my contacts",10.2,11,81,0.974,0.154,14,1,wrong_number
m00641,WINNER!! You have been selected to receive a $500 gift card. Claim now at http://rewards-ca.link/SP04L,6.5,37,635,0.986,0.007,5,1,prize
m00642,Prairie Telecom: Upgrade today and get 2 months free. Details chinookbooks.ca/track Txt STOP to end,1125.1,1074,12250,0.948,0.116,14,0,marketing_legit
m00643,good luck on your exam tmrw!,250.7,0,7,0.006,0.773,10,0,personal
m00644,good luck on your exam tmrw!,1091.9,2,4,0.145,0.681,11,0,personal
m00645,ok sounds good,526.5,2,8,0.323,0.663,12,0,personal
m00646,omw,741.2,3,10,0.045,0.592,18,0,personal
m00647,meet at the gym at 6:30?,1184.3,2,9,0.061,0.733,20,0,personal
m00648,"free tickets to the flames game from work, want one?",304.7,3,5,0.045,0.67,12,0,personal
m00649,omw,691.7,4,4,0.034,0.826,21,0,personal
m00650,lmk if you want pizza tonight,1118.9,1,4,0.122,0.624,16,0,personal
m00651,"Hello! We saw your resume online. Simple online tasks, earn $300 daily. Reply YES to learn more",116.9,11,190,0.974,0.157,20,1,job_offer
m00652,Prairie Parcel: your package is on hold due to unpaid shipping fee ($1.99). Pay now: bit.ly/40KqWv,9.7,331,260,0.998,0.006,5,1,parcel_fee
m00653,are u home? forgot my keys,513.6,0,9,0.175,0.779,19,0,personal
m00654,"i owe you $92 for the pho btw, etransferring now",11.5,0,5,0.026,0.706,6,0,personal
m00655,good luck on your exam tmrw!,1302.2,0,5,0.312,0.243,18,0,personal
m00656,happy birthday Ravi!! have an amazing day,1003.8,0,6,0.172,0.571,11,0,personal
m00657,prairie parcel: your package is on hold due to unpaid shipping fee ($1.99). pay now: http://rewards-ca.link/dfomj,2.2,59,1479,0.763,0.0,14,1,parcel_fee
m00658,Prairie Parcel: your package was delivered to your front door at 9:30.,1462.2,476,784,0.799,0.004,17,0,business_notification
m00659,CRA: You have a pending refund of $154.79. Accept your deposit here http://rewards-ca.link/xgtjg,4.6,39,734,0.978,0.017,2,1,tax_refund
m00660,ugh the c-train is delayed again,761.6,2,5,0.115,0.59,10,0,personal
m00661,hey are you free Thursday night?,416.0,2,5,0.039,0.662,17,0,personal
m00662,what time is dinner,395.5,1,3,0.074,0.553,21,0,personal
m00663,can you grab milk on the way home,1320.8,1,4,0.128,0.826,20,0,personal
m00664,"free tickets to the flames game from work, want one?",1489.1,3,5,0.193,0.483,21,0,personal
m00665,"Foothills Credit Union: a purchase of $9.45 was made on your card ending 4972. If this wasn't you, call the number on the back of your card.",2279.1,278,1438,0.98,0.089,18,0,business_notification
m00666,"hey its Jordan, new number, save this one",589.3,4,5,0.354,0.495,20,0,personal
m00667,did you remember to pay rent,1421.3,3,4,0.085,0.528,15,0,personal
m00668,Your verification code is 916903. Do not share this code with anyone.,3772.0,207,3423,0.925,0.057,12,0,business_notification
m00669,"free tickets to the flames game from work, want one?",849.9,1,5,0.094,0.664,21,0,personal
m00670,yes!! i got the job,943.2,0,5,0.164,0.668,10,0,personal
m00671,hey are you free Monday night?,2050.2,2,4,0.071,0.691,19,0,personal
m00672,did you remember to pay rent,2.5,2,7,0.101,0.448,9,0,personal
m00673,did you remember to pay rent,483.2,3,2,0.229,0.569,8,0,personal
m00674,lol that was so funny,3230.4,2,4,0.031,0.748,8,0,personal
m00675,can you grab milk on the way home,1344.7,1,7,0.499,0.79,17,0,personal
m00676,what time is dinner,2739.3,3,6,0.181,0.51,19,0,personal
m00677,are u home? forgot my keys,824.7,1,4,0.082,0.791,22,0,personal
m00678,"call me when you can, kinda urgent, it's about the car",4876.4,0,3,0.045,0.628,3,0,personal
m00679,Congratulations! Your number won our monthly draw. Call 1-900-555-1926 to claim your CASH prize before midnight!,1.3,238,525,0.887,0.003,8,1,prize
m00680,City of Calgary: your recycling pickup moves to Friday this week.,3509.8,239,9827,0.96,0.043,11,0,business_notification
m00681,"free tickets to the flames game from work, want one?",442.1,2,4,0.065,0.463,12,0,personal
m00682,lmk if you want shawarma tonight,852.7,1,6,0.21,0.696,17,0,personal
m00683,are u home? forgot my keys,549.0,4,7,0.102,0.644,21,0,personal
m00684,Bow River Dental: reminder of your appointment Friday at 11:00. Reply C to confirm or call 403-555-0142.,2609.2,640,2656,0.966,0.081,10,0,business_notification
m00685,"I OWE YOU $41 FOR THE RAMEN BTW, ETRANSFERRING NOW",1060.0,1,7,0.034,0.375,17,0,personal
m00686,happy birthday Priya!! have an amazing day,632.9,3,6,0.086,0.584,22,0,personal
m00687,"call me when you can, kinda urgent, it's about the car",442.5,1,4,0.319,0.767,14,0,personal
m00688,"free tickets to the flames game from work, want one?",1650.4,0,3,0.002,0.259,7,0,personal
m00689,meet at the Superstore at 6:30?,2753.9,3,5,0.005,0.677,8,0,personal
m00690,"can't talk rn, in a meeting",1008.1,3,5,0.156,0.677,11,0,personal
m00691,Bow River Dental: reminder of your appointment Tuesday at 11:00. Reply C to confirm or call 403-555-0142.,1425.6,179,1122,0.993,0.281,15,0,business_notification
m00692,Your verification code is 824824. Do not share this code with anyone.,1511.1,622,2631,0.996,0.022,8,0,business_notification
m00693,happy birthday Maya!! have an amazing day,949.6,2,4,0.006,0.808,6,0,personal
m00694,"call me when you can, kinda urgent, it's about the car",679.0,1,6,0.174,0.266,18,0,personal
m00695,did you see the game?? we win that one easy,1627.7,1,2,0.119,0.654,18,0,personal
m00696,"Foothills Credit Union: a purchase of $79.31 was made on your card ending 6584. If this wasn't you, call the number on the back of your card.",2676.3,67,2073,0.911,0.22,11,0,business_notification
m00697,are u home? forgot my keys,1064.0,0,3,0.086,0.606,12,0,personal
m00698,did you see the game?? we win that one easy,1001.0,2,6,0.032,0.698,15,0,personal
m00699,lol that was so funny,377.8,1,9,0.039,0.338,9,0,personal
m00700,happy birthday Jordan!! have an amazing day,1426.7,1,4,0.055,0.778,23,0,personal
m00701,GOOD LUCK ON YOUR EXAM TMRW!,1377.3,1,5,0.217,0.835,16,0,personal
m00702,MEET AT KENSINGTON AT 6:30?,568.5,2,2,0.071,0.357,20,0,personal
m00703,Your Interac e-Transfer of $11.62 is pending. Accept deposit: cra-refund-m0ij.xyz,17.9,54,1072,0.973,0.023,10,1,bank_phish
m00704,happy birthday Chloe!! have an amazing day,1097.8,1,7,0.228,0.79,12,0,personal
m00705,Last chance! 30% off at Northern Outfitters ends tonight. Shop mplbn.ca/deal Reply STOP to unsubscribe,484.7,234,7554,0.951,0.007,10,0,marketing_legit
m00706,Prairie Telecom: Upgrade today and get 2 months free. Details northernoutfitters.ca/sale Txt STOP to end,921.1,628,7540,0.954,0.033,17,0,marketing_legit
m00707,Your Interac e-Transfer of $92.34 is pending. Accept deposit: http://rewards-ca.link/oiY9R,2.9,115,229,0.903,0.1,0,1,bank_phish
m00708,"hey its Ravi, new number, save this one",1229.8,1,3,0.348,0.421,14,0,personal
m00709,"that's fine, see you Sunday",4.0,2,5,0.038,0.562,17,0,personal
m00710,Your order from Chinook Books has shipped. Track: prairietel.ca/bill,1482.8,779,7960,0.961,0.016,9,0,business_notification
m00711,lmk if you want shawarma tonight,357.0,1,3,0.125,0.402,22,0,personal
m00712,"thanks for today, had a great time",514.9,2,2,0.094,0.804,19,0,personal
m00713,did you see the game?? we win that one easy,2992.9,7,5,0.217,0.696,10,0,personal
m00714,here's that video lol vid.example/nKorb,1852.2,3,8,0.154,0.708,7,0,personal
m00715,"call me when you can, kinda urgent, it's about the car",2294.6,0,7,0.154,0.376,13,0,personal
m00716,prairie parcel: your package is on hold due to unpaid shipping fee ($3.15). pay now: http://cp-redeliver-yjwj.top/pay,592.4,7,47,0.513,0.006,21,1,parcel_fee
m00717,hey are you free Saturday night?,1407.7,2,5,0.036,0.656,15,0,personal
m00718,Bow River Dental: reminder of your appointment Wednesday at 6:30. Reply C to confirm or call 403-555-0142.,750.2,46,1367,0.849,0.076,15,0,business_notification
m00719,Hi is this Lena? We met at the golf club last week,5.9,5,379,0.957,0.115,12,1,wrong_number
m00720,"hey its Alex, new number, save this one",286.4,2,2,0.117,0.552,15,0,personal
m00721,"thanks for today, had a great time",1585.2,2,5,0.083,0.805,12,0,personal
m00722,happy birthday Kai!! have an amazing day,2399.1,0,3,0.184,0.681,12,0,personal
m00723,Prairie Parcel: your package was delivered to your front door at 2:00.,1660.9,341,2860,0.983,0.047,18,0,business_notification
m00724,omw,1019.1,1,5,0.108,0.718,16,0,personal
m00725,Last chance! 30% off at Northern Outfitters ends tonight. Shop northernoutfitters.ca/sale Reply STOP to unsubscribe,613.0,120,3774,0.665,0.025,19,0,marketing_legit
m00726,"call me when you can, kinda urgent, it's about the car",636.8,2,4,0.085,0.647,20,0,personal
m00727,"thanks for today, had a great time",1216.1,2,6,0.013,0.536,21,0,personal
m00728,Your Prairie Telecom bill of $34.34 is ready. View at northernoutfitters.ca/sale. Reply STOP to opt out.,734.7,104,5765,0.871,0.021,12,0,business_notification
m00729,"running late, be there in 23 min",1129.2,2,6,0.059,0.499,18,0,personal
m00730,"thanks for today, had a great time",585.2,1,3,0.006,0.573,15,0,personal
m00731,"thanks for today, had a great time",726.9,1,5,0.084,0.669,12,0,personal
m00732,"free tickets to the flames game from work, want one?",2603.1,1,9,0.225,0.606,23,0,personal
m00733,did you remember to pay rent,2106.0,2,4,0.116,0.897,10,0,personal
m00734,mom says call her,567.5,1,4,0.023,0.483,21,0,personal
m00735,"CAN'T TALK RN, IN A MEETING",334.6,3,4,0.098,0.308,12,0,personal
m00736,yes!! i got the job,640.2,2,6,0.004,0.428,20,0,personal
m00737,"hey dad its me, new phone. can you do me a favour? need to pay a bill today",1.5,9,628,0.895,0.136,10,1,hi_mum
m00738,Your Prairie Telecom bill of $72.87 is ready. View at northernoutfitters.ca/sale. Reply STOP to opt out.,1193.2,321,1862,0.953,0.03,17,0,business_notification
m00739,"that's fine, see you Wednesday",2074.8,0,6,0.045,0.748,20,0,personal
m00740,"Hi, I'm a recruiter with a remote part-time role, $250/day, flexible hours. Interested?",3.8,33,189,0.949,0.416,5,1,job_offer
m00741,Your order from Chinook Books has shipped. Track: bowriverdental.ca/c,1260.3,130,3368,0.958,0.091,16,0,business_notification
m00742,"can't talk rn, in a meeting",646.7,2,4,0.019,0.805,17,0,personal
m00743,ugh the c-train is delayed again,982.6,0,7,0.098,0.662,21,0,personal
m00744,yes!! i got the job,296.3,3,6,0.117,0.526,22,0,personal
m00745,"Hi it's Priya, lost my phone. Can you send me $200 by etransfer, I'll pay you back tomorrow",25.6,17,109,0.986,0.263,13,1,hi_mum
m00746,"Hi it's Ravi, lost my phone. Can you send me $430 by etransfer, I'll pay you back tomorrow",20.1,32,29,0.974,0.11,5,1,hi_mum
m00747,"hey dad its me, new phone. can you do me a favour? need to pay a bill today",24.8,39,281,0.982,0.113,0,1,hi_mum
m00748,"can't talk rn, in a meeting",849.3,1,6,0.002,0.477,18,0,personal
m00749,did you see the game?? we win that one easy,363.5,0,5,0.196,0.614,18,0,personal
m00750,lmk if you want sushi tonight,714.2,1,4,0.01,0.746,22,0,personal
m00751,You have 1 unclaimed reward from Canadian Rewards Club. Claim within 24hrs: cra-refund-ksha.xyz,355.9,9,54,0.112,0.089,6,1,prize
m00752,Bow River Dental: reminder of your appointment Monday at 11:00. Reply C to confirm or call 403-555-0142.,695.4,124,2009,0.963,0.198,14,0,business_notification
m00753,did you see the game?? we win that one easy,642.4,1,6,0.114,0.407,7,0,personal
m00754,Last chance! 30% off at Northern Outfitters ends tonight. Shop chinookbooks.ca/track Reply STOP to unsubscribe,755.1,1322,3404,0.961,0.038,9,0,marketing_legit
m00755,hi is this kai? we met at the golf club last week,9.7,29,64,0.914,0.085,15,1,wrong_number
m00756,good luck on your exam tmrw!,7.4,1,1,0.042,0.641,17,0,personal
m00757,Maple Bean Coffee: FREE donut with any large coffee this weekend! Show this text. Reply STOP to opt out,853.8,512,4980,0.816,0.065,13,0,marketing_legit
m00758,Last chance! 30% off at Northern Outfitters ends tonight. Shop prairietel.ca/bill Reply STOP to unsubscribe,1868.5,263,7369,0.981,0.114,10,0,marketing_legit
m00759,good luck on your exam tmrw!,66.5,3,5,0.222,0.176,21,0,personal
m00760,"call me when you can, kinda urgent, it's about the car",164.8,0,5,0.062,0.611,13,0,personal
m00761,Prairie Telecom: Upgrade today and get 2 months free. Details bowriverdental.ca/c Txt STOP to end,1156.6,697,2692,0.852,0.004,16,0,marketing_legit
m00762,City of Calgary: your recycling pickup moves to Monday this week.,2412.3,479,8507,0.967,0.01,17,0,business_notification
m00763,Bow River Dental: reminder of your appointment Monday at 2:00. Reply C to confirm or call 403-555-0142.,1890.4,490,5900,0.978,0.027,16,0,business_notification
m00764,"call me when you can, kinda urgent, it's about the car",1.3,2,5,0.002,0.694,17,0,personal
m00765,Your Prairie Telecom bill of $31.06 is ready. View at prairietel.ca/bill. Reply STOP to opt out.,1713.6,126,869,0.906,0.215,16,0,business_notification
m00766,yes!! i got the job,775.5,1,8,0.091,0.606,18,0,personal
m00767,Prairie Parcel: your package was delivered to your front door at 2:00.,3070.2,247,1409,0.959,0.029,12,0,business_notification
m00768,"Government of Canada: you are eligible for a benefit payment of $152.22. Final notice, apply at bit.ly/QMUPkr",581.6,8,44,0.59,0.001,22,1,tax_refund
m00769,"Foothills Credit Union: a purchase of $91.31 was made on your card ending 8722. If this wasn't you, call the number on the back of your card.",1121.7,141,4954,0.815,0.095,17,0,business_notification
m00770,"hi it's lena, lost my phone. can you send me $700 by etransfer, i'll pay you back tomorrow",7.6,26,156,0.954,0.032,15,1,hi_mum
m00771,hey are you free Tuesday night?,562.1,0,1,0.052,0.382,17,0,personal
m00772,You're invited: Stampede Sports members' night Wednesday. Win prizes & more. Reply STOP to opt out,1381.6,458,3736,0.912,0.029,15,0,marketing_legit
m00773,Bow River Dental: reminder of your appointment Friday at 2:00. Reply C to confirm or call 403-555-0142.,2815.8,183,3138,0.643,0.154,16,0,business_notification
m00774,"Government of Canada: you are eligible for a benefit payment of $516.84. Final notice, apply at http://cp-redeliver-z7k2.top/pay",1.6,519,4034,0.92,0.01,17,1,tax_refund
m00775,Your Interac e-Transfer of $46.05 is pending. Accept deposit: http://rewards-ca.link/VkFjQ,1.9,124,1973,0.922,0.033,9,1,bank_phish
m00776,here's that video lol vid.example/nPYH1,1278.5,1,6,0.044,0.734,12,0,personal
m00777,hey are you free Thursday night?,426.7,2,5,0.137,0.927,18,0,personal
m00778,You have 1 unclaimed reward from Canadian Rewards Club. Claim within 24hrs: https://secure-fcu-verify.info/cgz8h,5.1,81,124,0.997,0.017,18,1,prize
m00779,You're invited: Stampede Sports members' night Wednesday. Win prizes & more. Reply STOP to opt out,914.0,221,3992,0.967,0.04,16,0,marketing_legit
m00780,Prairie Parcel: your package is on hold due to unpaid shipping fee ($3.15). Pay now: cra-refund-oefc.xyz,9.7,209,793,0.955,0.108,6,1,parcel_fee
m00781,LMK IF YOU WANT PHO TONIGHT,570.1,1,4,0.032,0.504,21,0,personal
m00782,"can't talk rn, in a meeting",1031.4,2,6,0.226,0.639,23,0,personal
m00783,CRA: You have a pending refund of $306.48. Accept your deposit here https://secure-fcu-verify.info/o4uzf,987.9,6,47,0.296,0.07,5,1,tax_refund
m00784,Your Interac e-Transfer of $66.09 is pending. Accept deposit: http://cp-redeliver-yhhb.top/pay,5.4,65,350,0.956,0.002,20,1,bank_phish
m00785,"Foothills Credit Union: a purchase of $65.18 was made on your card ending 7340. If this wasn't you, call the number on the back of your card.",1042.1,169,2007,0.937,0.169,8,0,business_notification
m00786,Security notice: your card has been locked. Confirm your identity now cra-refund-7feo.xyz,0.5,170,627,0.925,0.004,9,1,bank_phish
m00787,hey are you free Sunday night?,1492.6,1,3,0.002,0.585,20,0,personal
m00788,meet at the coffee place at 11:00?,1653.1,4,6,0.148,0.797,22,0,personal
m00789,are u home? forgot my keys,11255.4,2,8,0.031,0.62,14,0,personal
m00790,can you grab milk on the way home,805.4,1,7,0.217,0.616,21,0,personal
m00791,can you grab milk on the way home,1821.6,0,4,0.119,0.549,19,0,personal
m00792,"free tickets to the flames game from work, want one?",911.9,1,6,0.078,0.658,15,0,personal
m00793,did you remember to pay rent,683.9,2,4,0.223,0.655,18,0,personal
m00794,Your order from Chinook Books has shipped. Track: chinookbooks.ca/track,578.8,104,2751,0.884,0.017,14,0,business_notification
m00795,City of Calgary: your recycling pickup moves to Tuesday this week.,1033.1,315,11437,0.844,0.0,14,0,business_notification
m00796,Bow River Dental: reminder of your appointment Thursday at 11:00. Reply C to confirm or call 403-555-0142.,1166.8,171,1962,0.901,0.187,18,0,business_notification
m00797,omw,932.6,2,5,0.102,0.503,18,0,personal
m00798,hey are you free Thursday night?,681.4,2,2,0.095,0.902,22,0,personal
m00799,We attempted delivery of your parcel. Reschedule and pay the $2.49 fee at http://cp-redeliver-qdv1.top/pay within 48h.,454.9,15,41,0.643,0.087,9,1,parcel_fee
m00800,"hey its Alex, new number, save this one",398.5,4,3,0.052,0.425,14,0,personal
m00801,Your Prairie Telecom bill of $45.19 is ready. View at northernoutfitters.ca/sale. Reply STOP to opt out.,4118.3,304,6276,0.782,0.021,18,0,business_notification
m00802,omw,1880.2,2,4,0.169,0.487,15,0,personal
m00803,Your order from Chinook Books has shipped. Track: chinookbooks.ca/track,2591.1,373,2849,0.933,0.045,17,0,business_notification
m00804,omw,537.2,1,6,0.09,0.641,15,0,personal
m00805,are u home? forgot my keys,2228.2,5,2,0.061,0.716,11,0,personal
m00806,what time is dinner,10.9,2,6,0.112,0.634,9,0,personal
m00807,omw,1706.9,4,1,0.36,0.542,21,0,personal
m00808,Congratulations! Your number won our monthly draw. Call 1-900-555-5019 to claim your CASH prize before midnight!,5.6,84,616,0.98,0.005,8,1,prize
m00809,meet at the library at 11:00?,1512.1,1,1,0.201,0.709,11,0,personal
m00810,Prairie Parcel: your package was delivered to your front door at 11:00.,907.7,152,660,0.948,0.005,11,0,business_notification
m00811,City of Calgary: your recycling pickup moves to Monday this week.,1360.9,102,611,0.939,0.072,16,0,business_notification
m00812,"i owe you $25 for the pho btw, etransferring now",581.7,2,7,0.025,0.486,12,0,personal
m00813,"free tickets to the flames game from work, want one?",926.6,2,4,0.066,0.774,20,0,personal
m00814,lol that was so funny,674.8,1,4,0.012,0.482,18,0,personal
m00815,"thanks for today, had a great time",2973.8,0,6,0.063,0.836,19,0,personal
m00816,Prairie Parcel: your package was delivered to your front door at 9:30.,2103.7,145,3309,0.892,0.028,18,0,business_notification
m00817,mom says call her,542.3,1,2,0.109,0.536,13,0,personal
m00818,meet at Kensington at 6:30?,4540.7,1,8,0.062,0.478,18,0,personal
m00819,You're invited: Stampede Sports members' night Saturday. Win prizes & more. Reply STOP to opt out,1602.2,349,3959,0.939,0.001,11,0,marketing_legit
m00820,what time is dinner,305.1,0,5,0.054,0.614,13,0,personal
m00821,mom says call her,527.1,2,6,0.055,0.341,18,0,personal
m00822,here's that video lol vid.example/X0fh0,2928.0,3,5,0.276,0.779,14,0,personal
m00823,YES!! I GOT THE JOB,782.1,4,7,0.003,0.653,18,0,personal
m00824,City of Calgary: your recycling pickup moves to Monday this week.,1937.5,340,769,0.891,0.057,8,0,business_notification
m00825,here's that video lol vid.example/V3y7c,1751.5,2,6,0.071,0.724,18,0,personal
m00826,"that's fine, see you Wednesday",1588.0,1,5,0.002,0.578,7,0,personal
m00827,what time is dinner,836.8,1,10,0.001,0.768,17,0,personal
m00828,"that's fine, see you Friday",1539.5,1,8,0.107,0.673,10,0,personal
m00829,Your order from Chinook Books has shipped. Track: northernoutfitters.ca/sale,2943.2,102,10175,0.898,0.012,18,0,business_notification
m00830,lmk if you want pizza tonight,987.7,1,5,0.15,0.501,12,0,personal
m00831,"hey its Chloe, new number, save this one",176.3,2,4,0.034,0.511,17,0,personal
m00832,good luck on your exam tmrw!,1402.9,1,7,0.085,0.769,7,0,personal
m00833,We attempted delivery of your parcel. Reschedule and pay the $3.15 fee at http://rewards-ca.link/GKCJD within 48h.,2.8,243,234,0.999,0.004,9,1,parcel_fee
m00834,"i owe you $34 for the pho btw, etransferring now",824.4,3,5,0.05,0.306,12,0,personal
m00835,"i owe you $54 for the tacos btw, etransferring now",928.7,3,5,0.043,0.619,17,0,personal
m00836,Prairie Parcel: your package was delivered to your front door at 11:00.,1021.2,122,2652,0.993,0.013,17,0,business_notification
m00837,meet at Chinook at 10:15?,263.9,0,3,0.019,0.379,21,0,personal
m00838,your interac e-transfer of $22.64 is pending. accept deposit: cra-refund-j4d7.xyz,8.1,16,1725,0.978,0.008,5,1,bank_phish
m00839,did you remember to pay rent,4912.7,2,6,0.154,0.483,23,0,personal
m00840,lol that was so funny,464.2,0,3,0.063,0.816,4,0,personal
m00841,yes!! i got the job,224.2,3,7,0.199,0.46,11,0,personal
m00842,Your order from Chinook Books has shipped. Track: prairietel.ca/bill,1680.4,169,1334,0.977,0.066,9,0,business_notification
m00843,"thanks for today, had a great time",3353.9,0,3,0.096,0.458,16,0,personal
m00844,meet at Kensington at 6:30?,614.8,2,3,0.102,0.601,3,0,personal
m00845,"Hi it's Mo, lost my phone. Can you send me $450 by etransfer, I'll pay you back tomorrow",2292.0,12,44,0.291,0.117,7,1,hi_mum
m00846,here's that video lol vid.example/VVLAo,2558.3,1,9,0.074,0.513,15,0,personal
m00847,We attempted delivery of your parcel. Reschedule and pay the $3.15 fee at cra-refund-dcor.xyz within 48h.,15.9,316,1111,0.983,0.049,7,1,parcel_fee
m00848,mom says call her,596.6,0,5,0.052,0.618,18,0,personal
m00849,"call me when you can, kinda urgent, it's about the car",952.6,1,8,0.221,0.513,19,0,personal
m00850,Your order from Chinook Books has shipped. Track: northernoutfitters.ca/sale,1437.6,234,679,0.848,0.016,18,0,business_notification
m00851,Bow River Dental: reminder of your appointment Tuesday at 11:00. Reply C to confirm or call 403-555-0142.,1108.5,212,2851,0.88,0.037,11,0,business_notification
m00852,"can't talk rn, in a meeting",568.6,3,5,0.084,0.592,13,0,personal
m00853,can you grab milk on the way home,1118.6,3,2,0.069,0.682,19,0,personal
m00854,Prairie Parcel: your package was delivered to your front door at 9:30.,1809.8,731,1646,0.971,0.002,11,0,business_notification
m00855,Prairie Parcel: your package is on hold due to unpaid shipping fee ($2.49). Pay now: http://cp-redeliver-5mjd.top/pay,4.1,43,2026,0.962,0.007,22,1,parcel_fee
m00856,congratulations! your number won our monthly draw. call 1-900-555-6795 to claim your cash prize before midnight!,9.5,73,477,0.975,0.021,12,1,prize
m00857,"hello! we saw your resume online. simple online tasks, earn $300 daily. reply yes to learn more",12.0,11,45,0.802,0.268,15,1,job_offer
m00858,"Foothills Credit Union: a purchase of $12.43 was made on your card ending 5565. If this wasn't you, call the number on the back of your card.",1443.0,182,1293,0.83,0.176,10,0,business_notification
m00859,Last chance! 30% off at Northern Outfitters ends tonight. Shop northernoutfitters.ca/sale Reply STOP to unsubscribe,983.0,309,4889,0.814,0.038,15,0,marketing_legit
m00860,"Foothills Credit Union: a purchase of $51.81 was made on your card ending 2669. If this wasn't you, call the number on the back of your card.",3696.2,327,661,0.991,0.041,17,0,business_notification
m00861,"call me when you can, kinda urgent, it's about the car",923.4,4,7,0.206,0.624,12,0,personal
m00862,can you grab milk on the way home,1511.3,3,7,0.273,0.715,16,0,personal
m00863,Prairie Parcel: your package was delivered to your front door at 3:45.,1884.2,567,2618,0.876,0.189,18,0,business_notification
m00864,omw,5.0,1,4,0.169,0.775,21,0,personal
m00865,happy birthday Alex!! have an amazing day,3159.7,3,5,0.042,0.45,8,0,personal
m00866,"call me when you can, kinda urgent, it's about the car",732.3,2,4,0.052,0.551,22,0,personal
m00867,lol that was so funny,302.6,1,1,0.023,0.485,20,0,personal
m00868,ugh the c-train is delayed again,448.3,4,3,0.147,0.769,17,0,personal
m00869,mom says call her,5.7,1,3,0.231,0.315,21,0,personal
m00870,did you see the game?? we win that one easy,360.4,1,4,0.045,0.616,17,0,personal
m00871,did you see the game?? we win that one easy,2089.0,0,6,0.038,0.733,12,0,personal
m00872,mom says call her,1.9,3,8,0.108,0.732,15,0,personal
m00873,Your verification code is 696413. Do not share this code with anyone.,2617.4,150,10090,0.945,0.118,9,0,business_notification
m00874,"winner!! you have been selected to receive a $1,000 gift card. claim now at http://cp-redeliver-pt0t.top/pay",2.8,258,1019,0.94,0.004,12,1,prize
m00875,what time is dinner,1076.9,1,3,0.068,0.546,13,0,personal
m00876,"i owe you $29 for the sushi btw, etransferring now",1215.6,2,5,0.006,0.691,18,0,personal
m00877,Maple Bean Coffee: FREE donut with any large coffee this weekend! Show this text. Reply STOP to opt out,827.9,1732,5711,0.98,0.022,9,0,marketing_legit
m00878,can you grab milk on the way home,1457.0,3,6,0.012,0.549,12,0,personal
m00879,Your order from Chinook Books has shipped. Track: mplbn.ca/deal,2967.5,328,7140,0.782,0.011,9,0,business_notification
m00880,lol that was so funny,422.5,0,4,0.051,0.735,12,0,personal
m00881,You're invited: Stampede Sports members' night Monday. Win prizes & more. Reply STOP to opt out,1755.5,399,10130,0.974,0.028,18,0,marketing_legit
m00882,"free tickets to the flames game from work, want one?",600.3,3,7,0.008,0.687,21,0,personal
m00883,here's that video lol vid.example/Pmeug,278.1,1,5,0.322,0.529,13,0,personal
m00884,ugh the c-train is delayed again,4432.2,3,5,0.497,0.515,15,0,personal
m00885,"thanks for today, had a great time",262.7,3,8,0.014,0.639,23,0,personal
m00886,ALERT: Unusual sign-in on your Foothills Credit Union account. Verify immediately at cra-refund-ib0b.xyz or your account will be suspended.,1.6,226,1727,0.763,0.029,1,1,bank_phish
m00887,Maple Bean Coffee: FREE donut with any large coffee this weekend! Show this text. Reply STOP to opt out,1069.7,629,2547,0.957,0.003,16,0,marketing_legit
m00888,can you grab milk on the way home,1409.1,3,3,0.013,0.616,19,0,personal
m00889,Security notice: your card has been locked. Confirm your identity now https://secure-fcu-verify.info/nkk6g,5.0,116,2601,0.999,0.009,17,1,bank_phish
m00890,"i owe you $82 for the sushi btw, etransferring now",490.5,1,6,0.147,0.7,14,0,personal
m00891,"FREE TICKETS TO THE FLAMES GAME FROM WORK, WANT ONE?",539.5,0,6,0.026,0.481,15,0,personal
m00892,Prairie Telecom: Upgrade today and get 2 months free. Details bowriverdental.ca/c Txt STOP to end,454.9,373,15505,0.896,0.058,19,0,marketing_legit
m00893,here's that video lol vid.example/65cFH,4.1,0,4,0.021,0.614,19,0,personal
m00894,hi is this alex? we met at the golf club last week,29.7,14,65,0.978,0.183,8,1,wrong_number
m00895,we attempted delivery of your parcel. reschedule and pay the $3.15 fee at http://rewards-ca.link/babsd within 48h.,55.9,70,4998,0.925,0.035,15,1,parcel_fee
m00896,"i owe you $31 for the ramen btw, etransferring now",2580.0,0,5,0.046,0.499,14,0,personal
m00897,lmk if you want tacos tonight,462.9,1,6,0.166,0.478,17,0,personal
m00898,good luck on your exam tmrw!,650.9,5,4,0.074,0.332,7,0,personal
m00899,"Foothills Credit Union: a purchase of $80.40 was made on your card ending 8909. If this wasn't you, call the number on the back of your card.",1073.0,166,1963,0.946,0.057,18,0,business_notification
m00900,City of Calgary: your recycling pickup moves to Wednesday this week.,977.8,142,1528,0.909,0.012,17,0,business_notification
m00901,mom says call her,1587.6,2,4,0.316,0.683,9,0,personal
m00902,"Government of Canada: you are eligible for a benefit payment of $408.63. Final notice, apply at https://secure-fcu-verify.info/g1qbv",13.2,457,1557,0.977,0.008,9,1,tax_refund
m00903,Prairie Telecom: Upgrade today and get 2 months free. Details chinookbooks.ca/track Txt STOP to end,1409.0,626,1656,0.909,0.026,16,0,marketing_legit
m00904,did you remember to pay rent,1644.4,2,5,0.084,0.559,7,0,personal
m00905,Your verification code is 320710. Do not share this code with anyone.,3258.6,143,10165,0.998,0.003,15,0,business_notification
m00906,Your verification code is 117472. Do not share this code with anyone.,1253.0,366,1849,0.934,0.025,16,0,business_notification
m00907,Your order from Chinook Books has shipped. Track: northernoutfitters.ca/sale,2988.0,426,18025,0.985,0.016,8,0,business_notification
m00908,can you grab milk on the way home,3920.7,1,7,0.0,0.509,21,0,personal
m00909,can you grab milk on the way home,504.8,2,9,0.003,0.532,10,0,personal
m00910,"running late, be there in 21 min",1206.0,6,4,0.016,0.798,21,0,personal
m00911,Last chance! 30% off at Northern Outfitters ends tonight. Shop bowriverdental.ca/c Reply STOP to unsubscribe,1637.1,1246,3856,0.715,0.03,13,0,marketing_legit
m00912,Last chance! 30% off at Northern Outfitters ends tonight. Shop northernoutfitters.ca/sale Reply STOP to unsubscribe,1585.5,532,9426,0.673,0.002,17,0,marketing_legit
m00913,ugh the c-train is delayed again,1228.7,4,6,0.017,0.365,15,0,personal
m00914,happy birthday Kai!! have an amazing day,729.5,0,6,0.195,0.688,18,0,personal
m00915,Your order from Chinook Books has shipped. Track: prairietel.ca/bill,808.9,168,1002,0.946,0.054,9,0,business_notification
m00916,"thanks for today, had a great time",2236.5,0,3,0.008,0.485,22,0,personal
m00917,yes!! i got the job,3719.3,2,5,0.031,0.758,13,0,personal
m00918,hey are you free Saturday night?,1985.9,1,5,0.031,0.314,20,0,personal
m00919,Bow River Dental: reminder of your appointment Saturday at 6:30. Reply C to confirm or call 403-555-0142.,342.6,157,14440,0.959,0.059,8,0,business_notification
m00920,Prairie Telecom: Upgrade today and get 2 months free. Details chinookbooks.ca/track Txt STOP to end,634.4,529,14808,0.95,0.104,9,0,marketing_legit
m00921,Your verification code is 162651. Do not share this code with anyone.,1985.0,117,2255,0.978,0.11,17,0,business_notification
m00922,Prairie Telecom: Upgrade today and get 2 months free. Details mplbn.ca/deal Txt STOP to end,1370.8,237,3896,0.807,0.033,14,0,marketing_legit
m00923,Prairie Parcel: your package was delivered to your front door at 6:30.,653.7,155,993,0.744,0.013,16,0,business_notification
m00924,here's that video lol vid.example/PIp97,3750.2,0,4,0.12,0.684,18,0,personal
m00925,ugh the c-train is delayed again,629.3,0,4,0.125,0.677,17,0,personal
m00926,Your order from Chinook Books has shipped. Track: mplbn.ca/deal,851.1,123,3227,0.579,0.009,9,0,business_notification
m00927,lol that was so funny,211.3,2,5,0.183,0.662,21,0,personal
m00928,"hey dad its me, new phone. can you do me a favour? need to pay a bill today",1.3,102,770,0.981,0.219,22,1,hi_mum
m00929,omw,1364.4,1,6,0.016,0.529,9,0,personal
m00930,"call me when you can, kinda urgent, it's about the car",3225.9,2,6,0.006,0.925,17,0,personal
m00931,"Hi, I'm a recruiter with a remote part-time role, $250/day, flexible hours. Interested?",2.1,15,75,0.963,0.045,17,1,job_offer
m00932,good luck on your exam tmrw!,859.1,1,6,0.14,0.679,23,0,personal
m00933,Bow River Dental: reminder of your appointment Wednesday at 3:45. Reply C to confirm or call 403-555-0142.,1487.8,362,1810,0.903,0.186,15,0,business_notification
m00934,We attempted delivery of your parcel. Reschedule and pay the $1.99 fee at bit.ly/ukWyp2 within 48h.,2.5,124,2231,0.966,0.002,13,1,parcel_fee
m00935,what time is dinner,212.5,1,5,0.03,0.587,20,0,personal
m00936,lmk if you want shawarma tonight,1969.1,2,8,0.36,0.53,17,0,personal
m00937,"hey its Maya, new number, save this one",724.3,1,6,0.13,0.544,11,0,personal
m00938,Your verification code is 654595. Do not share this code with anyone.,4086.6,200,1905,0.931,0.049,18,0,business_notification
m00939,"thanks for today, had a great time",378.0,0,4,0.018,0.563,12,0,personal
m00940,Bow River Dental: reminder of your appointment Monday at 11:00. Reply C to confirm or call 403-555-0142.,2543.0,110,4287,0.985,0.028,15,0,business_notification
m00941,OMW,1812.5,1,3,0.047,0.543,15,0,personal
m00942,can you grab milk on the way home,563.3,1,7,0.013,0.548,11,0,personal
m00943,ok sounds good,1751.3,0,3,0.063,0.691,9,0,personal
m00944,"Hello! We saw your resume online. Simple online tasks, earn $450 daily. Reply YES to learn more",4.0,10,43,0.963,0.282,12,1,job_offer
m00945,mom says call her,1050.0,0,5,0.022,0.388,15,0,personal
m00946,lmk if you want ramen tonight,1122.5,0,3,0.193,0.906,22,0,personal
m00947,ugh the c-train is delayed again,764.5,1,5,0.03,0.356,16,0,personal
m00948,meet at work at 2:00?,393.7,1,4,0.137,0.755,19,0,personal
m00949,mom says call her,1927.0,1,3,0.056,0.332,22,0,personal
m00950,Your order from Chinook Books has shipped. Track: chinookbooks.ca/track,2760.1,603,1591,0.931,0.012,19,0,business_notification
m00951,mom says call her,1490.0,3,7,0.063,0.488,18,0,personal
m00952,You have 1 unclaimed reward from Canadian Rewards Club. Claim within 24hrs: http://cp-redeliver-vab4.top/pay,2.7,152,726,0.952,0.017,14,1,prize
m00953,"free tickets to the flames game from work, want one?",2114.2,1,3,0.113,0.616,9,0,personal
m00954,are u home? forgot my keys,732.6,1,4,0.153,0.59,18,0,personal
m00955,Prairie Telecom: Upgrade today and get 2 months free. Details prairietel.ca/bill Txt STOP to end,1273.2,1058,4177,0.735,0.053,16,0,marketing_legit
m00956,happy birthday Ravi!! have an amazing day,5.7,0,8,0.001,0.623,19,0,personal
m00957,"Hi, I'm a recruiter with a remote part-time role, $450/day, flexible hours. Interested?",18.2,1,154,0.956,0.275,23,1,job_offer
m00958,did you see the game?? we win that one easy,2059.3,0,6,0.057,0.734,19,0,personal
m00959,"can't talk rn, in a meeting",704.0,2,11,0.088,0.704,13,0,personal
m00960,ok sounds good,1.4,0,4,0.301,0.71,10,0,personal
m00961,"thanks for today, had a great time",525.8,4,5,0.035,0.364,14,0,personal
m00962,"Hello! We saw your resume online. Simple online tasks, earn $250 daily. Reply YES to learn more",20.9,13,238,0.937,0.194,12,1,job_offer
m00963,did you see the game?? we win that one easy,252.1,1,5,0.073,0.736,9,0,personal
m00964,"Hi, I'm a recruiter with a remote part-time role, $250/day, flexible hours. Interested?",31.6,9,29,0.976,0.09,5,1,job_offer
m00965,omw,1663.5,1,4,0.033,0.935,12,0,personal
m00966,"Foothills Credit Union: a purchase of $20.97 was made on your card ending 5813. If this wasn't you, call the number on the back of your card.",1952.7,396,1195,0.812,0.041,13,0,business_notification
m00967,MOM SAYS CALL HER,5169.9,2,8,0.04,0.497,11,0,personal
m00968,Maple Bean Coffee: FREE donut with any large coffee this weekend! Show this text. Reply STOP to opt out,1029.1,1221,6898,0.962,0.024,18,0,marketing_legit
m00969,lol that was so funny,334.1,2,9,0.012,0.346,23,0,personal
m00970,"call me when you can, kinda urgent, it's about the car",490.9,2,9,0.051,0.887,9,0,personal
m00971,Your Prairie Telecom bill of $21.47 is ready. View at northernoutfitters.ca/sale. Reply STOP to opt out.,4082.6,738,4493,0.801,0.011,17,0,business_notification
m00972,omw,750.3,0,2,0.181,0.543,16,0,personal
m00973,lol that was so funny,761.8,2,3,0.346,0.457,10,0,personal
m00974,lmk if you want pizza tonight,147.1,2,8,0.017,0.339,11,0,personal
m00975,mom says call her,613.5,2,5,0.131,0.916,2,0,personal
m00976,"can't talk rn, in a meeting",1095.2,2,4,0.068,0.716,12,0,personal
m00977,"hey its Sam, new number, save this one",1184.0,1,7,0.079,0.402,10,0,personal
m00978,Maple Bean Coffee: FREE donut with any large coffee this weekend! Show this text. Reply STOP to opt out,1136.9,331,7607,0.967,0.067,11,0,marketing_legit
m00979,You have 1 unclaimed reward from Canadian Rewards Club. Claim within 24hrs: cra-refund-7hak.xyz,2.8,32,749,0.989,0.006,22,1,prize
m00980,hey are you free Saturday night?,678.3,4,6,0.109,0.669,22,0,personal
m00981,ok sounds good,401.8,2,7,0.048,0.662,22,0,personal
m00982,lol that was so funny,482.8,2,4,0.081,0.529,19,0,personal
m00983,lol that was so funny,8142.2,2,3,0.122,0.458,17,0,personal
m00984,You're invited: Stampede Sports members' night Saturday. Win prizes & more. Reply STOP to opt out,769.5,1575,7094,0.902,0.042,19,0,marketing_legit
m00985,mom says call her,2553.6,2,3,0.008,0.597,11,0,personal
m00986,"THANKS FOR TODAY, HAD A GREAT TIME",2644.0,2,1,0.012,0.82,11,0,personal
m00987,hey are you free Saturday night?,1559.2,1,8,0.025,0.764,10,0,personal
m00988,alert: unusual sign-in on your foothills credit union account. verify immediately at https://secure-fcu-verify.info/iqwvd or your account will be suspended.,1.4,75,1116,0.992,0.026,6,1,bank_phish
m00989,did you see the game?? we win that one easy,267.2,0,6,0.042,0.472,10,0,personal
m00990,Hi is this Jordan? We met at the golf club last week,3.3,13,193,0.91,0.117,4,1,wrong_number
m00991,can you grab milk on the way home,272.9,1,2,0.175,0.535,12,0,personal
m00992,"free tickets to the flames game from work, want one?",2645.7,1,9,0.006,0.748,13,0,personal
m00993,winner!! you have been selected to receive a $500 gift card. claim now at cra-refund-lpdd.xyz,9.4,106,4061,0.967,0.025,9,1,prize
m00994,Maple Bean Coffee: FREE donut with any large coffee this weekend! Show this text. Reply STOP to opt out,1682.6,272,10126,0.815,0.008,14,0,marketing_legit
m00995,"that's fine, see you Saturday",1812.8,1,7,0.182,0.706,12,0,personal
m00996,cra: you have a pending refund of $786.13. accept your deposit here bit.ly/so20ff,1.9,136,1493,0.861,0.031,17,1,tax_refund
m00997,"that's fine, see you Friday",1091.1,1,7,0.116,0.612,15,0,personal
m00998,Your order from Chinook Books has shipped. Track: mplbn.ca/deal,1741.9,334,1431,0.655,0.257,10,0,business_notification
m00999,happy birthday Mo!! have an amazing day,1298.1,1,3,0.127,0.626,9,0,personal
m01000,"that's fine, see you Friday",894.8,0,8,0.014,0.644,19,0,personal
m01001,ok sounds good,988.0,2,6,0.228,0.533,13,0,personal
m01002,"free tickets to the flames game from work, want one?",186.6,3,6,0.101,0.588,19,0,personal
m01003,ALERT: Unusual sign-in on your Foothills Credit Union account. Verify immediately at https://secure-fcu-verify.info/cw4ua or your account will be suspended.,4.8,46,598,0.953,0.04,9,1,bank_phish
m01004,"Hello! We saw your resume online. Simple online tasks, earn $250 daily. Reply YES to learn more",15.7,9,28,0.933,0.059,2,1,job_offer
m01005,"that's fine, see you Tuesday",1069.1,2,1,0.227,0.609,20,0,personal
m01006,did you remember to pay rent,1608.6,0,8,0.035,0.646,15,0,personal
m01007,hey are you free Saturday night?,1771.8,0,2,0.035,0.633,20,0,personal
m01008,did you see the game?? we win that one easy,308.8,1,7,0.194,0.65,13,0,personal
m01009,lol that was so funny,0.9,2,4,0.052,0.597,16,0,personal
m01010,Bow River Dental: reminder of your appointment Monday at 3:45. Reply C to confirm or call 403-555-0142.,2678.5,368,383,0.808,0.031,17,0,business_notification
m01011,City of Calgary: your recycling pickup moves to Saturday this week.,1641.0,1000,2715,0.849,0.115,8,0,business_notification
m01012,"call me when you can, kinda urgent, it's about the car",416.2,1,3,0.005,0.637,17,0,personal
m01013,Your order from Chinook Books has shipped. Track: bowriverdental.ca/c,822.7,76,1916,0.865,0.043,16,0,business_notification
m01014,Your verification code is 914590. Do not share this code with anyone.,522.7,300,3998,0.995,0.051,10,0,business_notification
m01015,good luck on your exam tmrw!,4.2,2,6,0.029,0.546,19,0,personal
m01016,MOM SAYS CALL HER,1001.6,4,5,0.089,0.74,16,0,personal
m01017,Prairie Parcel: your package was delivered to your front door at 2:00.,1846.9,351,3060,0.611,0.116,18,0,business_notification
m01018,"Foothills Credit Union: a purchase of $58.35 was made on your card ending 7252. If this wasn't you, call the number on the back of your card.",2046.3,106,1873,0.939,0.022,11,0,business_notification
m01019,mom says call her,1811.3,3,3,0.069,0.397,7,0,personal
m01020,meet at the library at 9:30?,2291.6,0,3,0.039,0.338,12,0,personal
m01021,ugh the c-train is delayed again,1279.7,0,2,0.072,0.417,19,0,personal
m01022,"that's fine, see you Monday",1589.8,0,3,0.013,0.719,18,0,personal
m01023,Prairie Parcel: your package was delivered to your front door at 9:30.,933.5,84,3552,0.975,0.004,15,0,business_notification
m01024,did you see the game?? we win that one easy,902.1,2,3,0.272,0.732,10,0,personal
m01025,happy birthday Ravi!! have an amazing day,860.6,4,3,0.097,0.454,20,0,personal
m01026,ugh the c-train is delayed again,746.9,2,5,0.057,0.519,22,0,personal
m01027,We attempted delivery of your parcel. Reschedule and pay the $2.49 fee at http://rewards-ca.link/OCbpt within 48h.,11.5,50,299,0.979,0.045,5,1,parcel_fee
m01028,Your order from Chinook Books has shipped. Track: bowriverdental.ca/c,765.0,212,3597,0.912,0.021,14,0,business_notification
m01029,ok sounds good,822.8,1,3,0.026,0.753,18,0,personal
m01030,lol that was so funny,4.3,2,4,0.062,0.451,11,0,personal
m01031,omw,2412.1,1,3,0.005,0.688,18,0,personal
m01032,Prairie Telecom: Upgrade today and get 2 months free. Details bowriverdental.ca/c Txt STOP to end,1212.7,807,5511,0.972,0.016,18,0,marketing_legit
m01033,"hey its Lena, new number, save this one",748.5,1,6,0.212,0.645,12,0,personal
m01034,good luck on your exam tmrw!,292.6,1,10,0.011,0.503,9,0,personal
m01035,Your order from Chinook Books has shipped. Track: chinookbooks.ca/track,1799.5,160,1613,0.995,0.094,11,0,business_notification
m01036,Prairie Telecom: Upgrade today and get 2 months free. Details prairietel.ca/bill Txt STOP to end,1549.2,417,3404,0.999,0.051,11,0,marketing_legit
m01037,Your verification code is 719126. Do not share this code with anyone.,1792.5,412,2049,0.836,0.0,16,0,business_notification
m01038,"free tickets to the flames game from work, want one?",513.8,2,3,0.02,0.4,8,0,personal
m01039,lol that was so funny,884.5,0,7,0.17,0.601,9,0,personal
m01040,mom says call her,298.6,0,6,0.033,0.456,19,0,personal
m01041,"Hello, is this Dr. Jess? I wanted to confirm our meeting Wednesday",67.1,2,510,0.967,0.116,18,1,wrong_number
m01042,Last chance! 30% off at Northern Outfitters ends tonight. Shop northernoutfitters.ca/sale Reply STOP to unsubscribe,2042.3,258,5340,0.791,0.039,10,0,marketing_legit
m01043,MEET AT THE LIBRARY AT 9:30?,326.6,1,2,0.081,0.564,21,0,personal
m01044,"that's fine, see you Saturday",1202.9,3,3,0.051,0.409,22,0,personal
m01045,You have 1 unclaimed reward from Canadian Rewards Club. Claim within 24hrs: cra-refund-txeb.xyz,7.5,72,287,0.919,0.024,9,1,prize
m01046,what time is dinner,727.1,1,4,0.273,0.649,16,0,personal
m01047,"thanks for today, had a great time",2694.0,0,4,0.31,0.623,17,0,personal
m01048,are u home? forgot my keys,9.0,1,4,0.109,0.315,21,0,personal
m01049,mom says call her,5139.3,2,8,0.142,0.54,21,0,personal
m01050,"that's fine, see you Tuesday",792.0,2,4,0.152,0.413,20,0,personal
m01051,"Hello! We saw your resume online. Simple online tasks, earn $300 daily. Reply YES to learn more",30.4,146,81,0.907,0.042,8,1,job_offer
m01052,"Government of Canada: you are eligible for a benefit payment of $826.23. Final notice, apply at http://cp-redeliver-sw1u.top/pay",6.6,247,550,0.918,0.034,21,1,tax_refund
m01053,"can't talk rn, in a meeting",2501.7,0,9,0.036,0.642,13,0,personal
m01054,"running late, be there in 18 min",1201.0,3,4,0.117,0.501,21,0,personal
m01055,hey are you free Wednesday night?,4060.7,2,6,0.024,0.445,11,0,personal
m01056,mom says call her,244.1,2,5,0.025,0.715,17,0,personal
m01057,"Hi, I'm a recruiter with a remote part-time role, $250/day, flexible hours. Interested?",14.4,20,92,0.969,0.154,22,1,job_offer
m01058,Your Interac e-Transfer of $85.33 is pending. Accept deposit: https://secure-fcu-verify.info/eewu4,7.8,152,513,0.971,0.048,6,1,bank_phish
m01059,"call me when you can, kinda urgent, it's about the car",416.6,3,6,0.035,0.548,10,0,personal
m01060,you have 1 unclaimed reward from canadian rewards club. claim within 24hrs: cra-refund-abdp.xyz,1.5,87,1929,0.858,0.025,3,1,prize
m01061,mom says call her,1280.6,1,6,0.005,0.549,6,0,personal
m01062,lmk if you want ramen tonight,816.9,3,2,0.039,0.842,20,0,personal
m01063,"hello! we saw your resume online. simple online tasks, earn $300 daily. reply yes to learn more",13.1,19,149,0.956,0.085,17,1,job_offer
m01064,Your Prairie Telecom bill of $63.98 is ready. View at bowriverdental.ca/c. Reply STOP to opt out.,912.3,161,1989,0.948,0.055,16,0,business_notification
m01065,Maple Bean Coffee: FREE donut with any large coffee this weekend! Show this text. Reply STOP to opt out,826.8,1142,13490,0.914,0.019,18,0,marketing_legit
m01066,You're invited: Stampede Sports members' night Wednesday. Win prizes & more. Reply STOP to opt out,1570.3,325,4410,0.963,0.016,12,0,marketing_legit
m01067,"call me when you can, kinda urgent, it's about the car",1129.4,1,9,0.105,0.845,13,0,personal
m01068,"i owe you $10 for the sushi btw, etransferring now",2721.5,1,3,0.015,0.763,12,0,personal
m01069,are u home? forgot my keys,432.3,1,6,0.017,0.465,20,0,personal
m01070,meet at the library at 10:15?,790.1,2,5,0.081,0.741,13,0,personal
m01071,ugh the c-train is delayed again,820.5,2,4,0.102,0.617,16,0,personal
m01072,"hello! we saw your resume online. simple online tasks, earn $300 daily. reply yes to learn more",7.8,39,919,0.978,0.096,23,1,job_offer
m01073,Prairie Parcel: your package is on hold due to unpaid shipping fee ($1.99). Pay now: https://secure-fcu-verify.info/hnotm,966.8,8,47,0.544,0.007,17,1,parcel_fee
m01074,good luck on your exam tmrw!,1512.5,1,6,0.143,0.384,20,0,personal
m01075,meet at the library at 2:00?,775.2,2,3,0.227,0.489,20,0,personal
m01076,Your Prairie Telecom bill of $80.40 is ready. View at northernoutfitters.ca/sale. Reply STOP to opt out.,2219.6,200,1460,0.801,0.05,13,0,business_notification
m01077,what time is dinner,2326.0,1,6,0.056,0.52,18,0,personal
m01078,"THANKS FOR TODAY, HAD A GREAT TIME",736.3,1,6,0.228,0.504,7,0,personal
m01079,can you grab milk on the way home,667.4,1,2,0.049,0.574,18,0,personal
m01080,did you remember to pay rent,886.7,1,7,0.052,0.491,11,0,personal
m01081,hey are you free Friday night?,208.8,0,8,0.207,0.361,19,0,personal
m01082,Prairie Telecom: Upgrade today and get 2 months free. Details bowriverdental.ca/c Txt STOP to end,1338.3,826,10646,0.979,0.111,19,0,marketing_legit
m01083,are u home? forgot my keys,1382.8,0,2,0.02,0.733,23,0,personal
m01084,mom says call her,871.7,2,5,0.226,0.574,9,0,personal
m01085,good luck on your exam tmrw!,1104.7,3,7,0.255,0.245,0,0,personal
m01086,"WINNER!! You have been selected to receive a $1,000 gift card. Claim now at https://secure-fcu-verify.info/k27r0",2.5,90,775,0.994,0.003,12,1,prize
m01087,"that's fine, see you Tuesday",707.2,3,1,0.161,0.808,7,0,personal
m01088,"Hello! We saw your resume online. Simple online tasks, earn $250 daily. Reply YES to learn more",9.1,9,84,0.963,0.275,11,1,job_offer
m01089,"hey its Kai, new number, save this one",447.9,0,4,0.011,0.808,22,0,personal
m01090,meet at work at 3:45?,315.0,2,2,0.014,0.533,21,0,personal
m01091,"hey its Sam, new number, save this one",1559.1,2,5,0.181,0.473,19,0,personal
m01092,lmk if you want tacos tonight,928.4,2,11,0.062,0.709,12,0,personal
m01093,City of Calgary: your recycling pickup moves to Wednesday this week.,1939.2,121,4837,0.899,0.036,14,0,business_notification
m01094,did you remember to pay rent,10.8,1,4,0.203,0.777,7,0,personal
m01095,did you remember to pay rent,1661.2,0,5,0.014,0.656,6,0,personal
m01096,"can't talk rn, in a meeting",1132.8,2,3,0.093,0.606,10,0,personal
m01097,ALERT: Unusual sign-in on your Foothills Credit Union account. Verify immediately at http://rewards-ca.link/uG9sG or your account will be suspended.,2.7,249,97,0.972,0.011,1,1,bank_phish
m01098,Your verification code is 459695. Do not share this code with anyone.,2263.4,142,2056,0.888,0.133,8,0,business_notification
m01099,Maple Bean Coffee: FREE donut with any large coffee this weekend! Show this text. Reply STOP to opt out,525.1,574,8085,0.957,0.018,16,0,marketing_legit
m01100,"that's fine, see you Sunday",2834.9,2,3,0.235,0.669,20,0,personal
m01101,ugh the c-train is delayed again,1023.6,2,4,0.033,0.604,20,0,personal
m01102,City of Calgary: your recycling pickup moves to Sunday this week.,1002.7,201,3312,0.998,0.038,10,0,business_notification
m01103,Bow River Dental: reminder of your appointment Sunday at 11:00. Reply C to confirm or call 403-555-0142.,1248.1,101,3463,0.945,0.135,17,0,business_notification
m01104,Security notice: your card has been locked. Confirm your identity now bit.ly/bqxiC2,8.8,20,947,0.942,0.001,6,1,bank_phish
m01105,ok sounds good,1104.2,0,6,0.019,0.744,20,0,personal
m01106,Your verification code is 971714. Do not share this code with anyone.,6674.3,163,5395,0.999,0.026,18,0,business_notification
m01107,Hi is this Lena? We met at the golf club last week,15.6,14,81,0.929,0.152,7,1,wrong_number
m01108,"can't talk rn, in a meeting",1009.0,2,6,0.222,0.885,14,0,personal
m01109,City of Calgary: your recycling pickup moves to Saturday this week.,1834.0,260,2432,0.955,0.016,13,0,business_notification
m01110,"thanks for today, had a great time",1241.5,0,9,0.006,0.601,6,0,personal
m01111,Bow River Dental: reminder of your appointment Tuesday at 10:15. Reply C to confirm or call 403-555-0142.,1174.2,476,2175,0.91,0.029,18,0,business_notification
m01112,did you see the game?? we win that one easy,14.4,0,3,0.179,0.327,22,0,personal
m01113,Bow River Dental: reminder of your appointment Friday at 11:00. Reply C to confirm or call 403-555-0142.,1754.7,250,4457,0.973,0.135,9,0,business_notification
m01114,happy birthday Sam!! have an amazing day,993.8,3,4,0.273,0.701,9,0,personal
m01115,lol that was so funny,840.2,1,4,0.004,0.691,22,0,personal
m01116,"free tickets to the flames game from work, want one?",400.1,1,4,0.256,0.574,20,0,personal
m01117,"hey its Kai, new number, save this one",1446.1,2,5,0.005,0.228,13,0,personal
m01118,"can't talk rn, in a meeting",2.0,2,4,0.001,0.784,12,0,personal
m01119,here's that video lol vid.example/oJOyE,833.0,1,7,0.017,0.391,18,0,personal
m01120,Your order from Chinook Books has shipped. Track: bowriverdental.ca/c,609.5,321,4002,0.963,0.041,10,0,business_notification
m01121,ok sounds good,1440.4,3,5,0.198,0.758,20,0,personal
m01122,ok sounds good,1045.7,2,3,0.043,0.314,20,0,personal
m01123,"hello, is this dr. priya? i wanted to confirm our meeting friday",4.4,11,562,0.904,0.049,13,1,wrong_number
m01124,Your order from Chinook Books has shipped. Track: northernoutfitters.ca/sale,1752.1,275,1859,0.975,0.008,20,0,business_notification
m01125,hey are you free Wednesday night?,770.0,0,4,0.009,0.441,12,0,personal
m01126,Maple Bean Coffee: FREE donut with any large coffee this weekend! Show this text. Reply STOP to opt out,945.9,295,3236,0.583,0.003,11,0,marketing_legit
m01127,did you remember to pay rent,697.6,0,7,0.006,0.785,22,0,personal
m01128,Maple Bean Coffee: FREE donut with any large coffee this weekend! Show this text. Reply STOP to opt out,1185.4,589,24584,0.762,0.032,19,0,marketing_legit
m01129,yes!! i got the job,4.6,2,5,0.016,0.464,19,0,personal
m01130,Your verification code is 967095. Do not share this code with anyone.,2797.6,216,1976,0.983,0.18,12,0,business_notification
m01131,"thanks for today, had a great time",1222.6,2,6,0.125,0.325,22,0,personal
m01132,"thanks for today, had a great time",418.3,2,5,0.208,0.667,9,0,personal
m01133,prairie parcel: your package is on hold due to unpaid shipping fee ($2.49). pay now: bit.ly/tyq7pp,13.7,214,3453,0.97,0.017,17,1,parcel_fee
m01134,are u home? forgot my keys,962.8,3,12,0.015,0.686,9,0,personal
m01135,good luck on your exam tmrw!,1229.1,3,3,0.001,0.251,14,0,personal
m01136,"thanks for today, had a great time",1769.6,0,5,0.226,0.395,21,0,personal
m01137,good luck on your exam tmrw!,144.5,1,2,0.004,0.467,19,0,personal
m01138,"that's fine, see you Tuesday",1517.1,4,5,0.169,0.587,23,0,personal
m01139,did you see the game?? we win that one easy,3.0,2,3,0.029,0.535,21,0,personal
m01140,ugh the c-train is delayed again,926.2,1,3,0.065,0.773,11,0,personal
m01141,"running late, be there in 13 min",2315.2,1,4,0.085,0.542,9,0,personal
m01142,"that's fine, see you Tuesday",366.3,1,7,0.053,0.729,16,0,personal
m01143,Bow River Dental: reminder of your appointment Wednesday at 9:30. Reply C to confirm or call 403-555-0142.,2554.4,791,2409,0.973,0.028,10,0,business_notification
m01144,"Hi it's Sam, lost my phone. Can you send me $670 by etransfer, I'll pay you back tomorrow",3.8,33,736,0.801,0.042,14,1,hi_mum
m01145,good luck on your exam tmrw!,1130.1,0,4,0.176,0.788,21,0,personal
m01146,Hi is this Mo? We met at the golf club last week,0.6,13,68,0.971,0.087,19,1,wrong_number
m01147,hey are you free Sunday night?,464.7,3,5,0.018,0.741,18,0,personal
m01148,omw,643.9,2,7,0.003,0.427,9,0,personal
m01149,we attempted delivery of your parcel. reschedule and pay the $3.15 fee at bit.ly/j83blt within 48h.,6.6,57,270,0.895,0.003,23,1,parcel_fee
m01150,"call me when you can, kinda urgent, it's about the car",235.0,1,3,0.218,0.544,0,0,personal
m01151,City of Calgary: your recycling pickup moves to Friday this week.,1108.3,407,1402,0.95,0.183,17,0,business_notification
m01152,"free tickets to the flames game from work, want one?",921.3,2,4,0.044,0.478,18,0,personal
m01153,"call me when you can, kinda urgent, it's about the car",1148.2,1,6,0.058,0.749,12,0,personal
m01154,Maple Bean Coffee: FREE donut with any large coffee this weekend! Show this text. Reply STOP to opt out,1119.3,588,4469,0.945,0.108,17,0,marketing_legit
m01155,happy birthday Maya!! have an amazing day,790.2,2,6,0.003,0.29,20,0,personal
m01156,Maple Bean Coffee: FREE donut with any large coffee this weekend! Show this text. Reply STOP to opt out,1882.5,379,4481,0.938,0.023,18,0,marketing_legit
m01157,Last chance! 30% off at Northern Outfitters ends tonight. Shop prairietel.ca/bill Reply STOP to unsubscribe,1260.2,513,4834,0.97,0.091,9,0,marketing_legit
m01158,"free tickets to the flames game from work, want one?",454.3,2,7,0.038,0.637,15,0,personal
m01159,"running late, be there in 17 min",8.7,3,7,0.015,0.64,22,0,personal
m01160,did you remember to pay rent,863.2,2,6,0.111,0.863,19,0,personal
m01161,Maple Bean Coffee: FREE donut with any large coffee this weekend! Show this text. Reply STOP to opt out,1414.2,190,5073,0.948,0.004,17,0,marketing_legit
m01162,We attempted delivery of your parcel. Reschedule and pay the $2.49 fee at http://cp-redeliver-q7dk.top/pay within 48h.,0.3,61,1776,0.997,0.028,22,1,parcel_fee
m01163,Last chance! 30% off at Northern Outfitters ends tonight. Shop chinookbooks.ca/track Reply STOP to unsubscribe,754.4,140,3703,0.91,0.003,13,0,marketing_legit
m01164,"hey its Chloe, new number, save this one",243.3,2,4,0.049,0.706,11,0,personal
m01165,are u home? forgot my keys,632.5,0,8,0.021,0.8,14,0,personal
m01166,mom says call her,231.3,2,8,0.137,0.43,19,0,personal
m01167,lol that was so funny,6.0,1,3,0.036,0.572,17,0,personal
m01168,Congratulations! Your number won our monthly draw. Call 1-900-555-5656 to claim your CASH prize before midnight!,4.4,42,5249,0.964,0.04,19,1,prize
m01169,"thanks for today, had a great time",227.5,0,6,0.043,0.707,10,0,personal
m01170,"Hello! We saw your resume online. Simple online tasks, earn $300 daily. Reply YES to learn more",1834.8,5,52,0.339,0.169,16,1,job_offer
m01171,what time is dinner,398.3,1,4,0.017,0.674,1,0,personal
m01172,hey are you free Tuesday night?,2956.1,3,8,0.086,0.445,9,0,personal
m01173,Your Prairie Telecom bill of $44.04 is ready. View at prairietel.ca/bill. Reply STOP to opt out.,1550.8,556,2889,0.959,0.006,9,0,business_notification
m01174,can you grab milk on the way home,2118.2,1,5,0.02,0.696,8,0,personal
m01175,yes!! i got the job,430.3,2,9,0.09,0.592,14,0,personal
m01176,"thanks for today, had a great time",1690.2,1,3,0.068,0.505,15,0,personal
m01177,Last chance! 30% off at Northern Outfitters ends tonight. Shop mplbn.ca/deal Reply STOP to unsubscribe,1714.3,547,4141,0.807,0.045,16,0,marketing_legit
m01178,Bow River Dental: reminder of your appointment Wednesday at 7:00. Reply C to confirm or call 403-555-0142.,1148.7,255,9104,0.909,0.029,11,0,business_notification
m01179,You're invited: Stampede Sports members' night Monday. Win prizes & more. Reply STOP to opt out,908.5,127,2011,0.907,0.015,18,0,marketing_legit
m01180,"hey its Jordan, new number, save this one",1895.0,0,4,0.181,0.372,16,0,personal
m01181,Bow River Dental: reminder of your appointment Monday at 3:45. Reply C to confirm or call 403-555-0142.,2315.7,178,1973,0.945,0.095,10,0,business_notification
m01182,mom says call her,576.2,4,4,0.035,0.819,20,0,personal
m01183,"Foothills Credit Union: a purchase of $68.74 was made on your card ending 5317. If this wasn't you, call the number on the back of your card.",1965.3,385,2085,0.891,0.128,8,0,business_notification
m01184,"running late, be there in 14 min",285.3,3,3,0.052,0.726,14,0,personal
m01185,"Hello, is this Dr. Priya? I wanted to confirm our meeting Saturday",168.4,13,203,0.972,0.205,12,1,wrong_number
m01186,Prairie Parcel: your package was delivered to your front door at 2:00.,1320.5,79,1954,0.93,0.025,17,0,business_notification
m01187,"can't talk rn, in a meeting",566.6,2,2,0.122,0.641,21,0,personal
m01188,good luck on your exam tmrw!,644.7,1,2,0.047,0.645,10,0,personal
m01189,"Hi mum, this is my new number, my phone broke. can you text me back here",8.0,3,56,0.938,0.177,8,1,hi_mum
m01190,what time is dinner,195.5,1,5,0.211,0.697,15,0,personal
m01191,are u home? forgot my keys,2639.7,1,6,0.071,0.73,12,0,personal
m01192,Prairie Telecom: Upgrade today and get 2 months free. Details northernoutfitters.ca/sale Txt STOP to end,1059.6,417,4357,0.99,0.056,11,0,marketing_legit
m01193,omw,1065.1,2,2,0.153,0.622,14,0,personal
m01194,You're invited: Stampede Sports members' night Wednesday. Win prizes & more. Reply STOP to opt out,1144.7,148,3044,0.974,0.026,14,0,marketing_legit
m01195,"hey its Omar, new number, save this one",490.3,2,5,0.008,0.53,18,0,personal
m01196,Your order from Chinook Books has shipped. Track: mplbn.ca/deal,954.1,650,3305,0.916,0.063,11,0,business_notification
m01197,"can't talk rn, in a meeting",1596.8,1,3,0.145,0.626,4,0,personal
m01198,"thanks for today, had a great time",4.6,1,3,0.102,0.357,20,0,personal
m01199,"Hi it's Omar, lost my phone. Can you send me $660 by etransfer, I'll pay you back tomorrow",3.8,18,530,0.942,0.096,7,1,hi_mum
m01200,mom says call her,391.7,0,9,0.014,0.435,17,0,personal
m01201,Prairie Parcel: your package was delivered to your front door at 2:00.,1679.9,236,1752,0.935,0.207,9,0,business_notification
m01202,happy birthday Maya!! have an amazing day,320.5,1,2,0.007,0.311,23,0,personal
m01203,Prairie Telecom: Upgrade today and get 2 months free. Details prairietel.ca/bill Txt STOP to end,1750.6,283,3844,0.949,0.063,12,0,marketing_legit
m01204,Your verification code is 863839. Do not share this code with anyone.,2496.4,176,761,0.9,0.029,18,0,business_notification
m01205,"that's fine, see you Friday",1518.3,2,8,0.096,0.758,23,0,personal
m01206,mom says call her,5.5,0,4,0.198,0.643,10,0,personal
m01207,Your Prairie Telecom bill of $24.91 is ready. View at chinookbooks.ca/track. Reply STOP to opt out.,2460.4,277,4100,0.856,0.036,15,0,business_notification
m01208,City of Calgary: your recycling pickup moves to Friday this week.,2840.8,165,2966,0.588,0.042,14,0,business_notification
m01209,did you remember to pay rent,303.2,1,7,0.016,0.39,20,0,personal
m01210,"WINNER!! You have been selected to receive a $1,500 gift card. Claim now at http://cp-redeliver-pg9u.top/pay",3.9,111,2188,0.964,0.001,17,1,prize
m01211,You're invited: Stampede Sports members' night Friday. Win prizes & more. Reply STOP to opt out,1420.0,842,3268,0.989,0.002,17,0,marketing_legit
m01212,"can't talk rn, in a meeting",576.3,1,5,0.091,0.61,19,0,personal
m01213,what time is dinner,2683.1,1,5,0.227,0.624,8,0,personal
m01214,ugh the c-train is delayed again,5308.5,3,7,0.069,0.724,8,0,personal
m01215,"thanks for today, had a great time",990.6,1,4,0.089,0.419,12,0,personal
m01216,ok sounds good,232.3,2,6,0.02,0.437,19,0,personal
m01217,"HEY ITS CHLOE, NEW NUMBER, SAVE THIS ONE",260.6,1,3,0.036,0.895,16,0,personal
m01218,good luck on your exam tmrw!,1243.6,1,4,0.29,0.333,19,0,personal
m01219,"running late, be there in 23 min",1157.2,1,4,0.046,0.723,19,0,personal
m01220,"call me when you can, kinda urgent, it's about the car",1580.4,1,6,0.094,0.417,18,0,personal
m01221,ALERT: Unusual sign-in on your Foothills Credit Union account. Verify immediately at cra-refund-5gd7.xyz or your account will be suspended.,7.8,308,925,0.94,0.019,23,1,bank_phish
m01222,lmk if you want pho tonight,577.4,2,3,0.103,0.447,16,0,personal
m01223,yes!! i got the job,694.1,1,6,0.24,0.654,17,0,personal
m01224,ugh the c-train is delayed again,6135.7,4,7,0.042,0.489,19,0,personal
m01225,did you see the game?? we win that one easy,2205.1,4,3,0.036,0.641,12,0,personal
m01226,here's that video lol vid.example/rQypc,466.2,0,4,0.345,0.356,9,0,personal
m01227,UGH THE C-TRAIN IS DELAYED AGAIN,3523.8,2,2,0.297,0.855,10,0,personal
m01228,did you see the game?? we win that one easy,334.5,2,2,0.022,0.819,11,0,personal
m01229,happy birthday Kai!! have an amazing day,1853.9,0,8,0.288,0.624,18,0,personal
m01230,did you remember to pay rent,5455.3,2,3,0.053,0.685,7,0,personal
m01231,did you remember to pay rent,444.7,1,5,0.06,0.634,17,0,personal
m01232,did you remember to pay rent,1055.5,1,8,0.008,0.491,11,0,personal
m01233,ugh the c-train is delayed again,605.3,1,5,0.058,0.505,10,0,personal
m01234,"hey dad its me, new phone. can you do me a favour? need to pay a bill today",11.0,8,940,0.922,0.174,22,1,hi_mum
m01235,Bow River Dental: reminder of your appointment Monday at 9:30. Reply C to confirm or call 403-555-0142.,1674.1,115,2999,0.95,0.032,14,0,business_notification
m01236,"Foothills Credit Union: a purchase of $94.69 was made on your card ending 3856. If this wasn't you, call the number on the back of your card.",2155.4,240,8872,0.97,0.005,12,0,business_notification
m01237,lol that was so funny,1447.5,2,5,0.13,0.291,18,0,personal
m01238,here's that video lol vid.example/BidfA,1122.4,3,4,0.045,0.669,22,0,personal
m01239,what time is dinner,1236.5,3,4,0.23,0.742,15,0,personal
m01240,"i owe you $57 for the pizza btw, etransferring now",2331.7,0,7,0.01,0.64,21,0,personal
m01241,meet at the gym at 11:00?,784.4,2,5,0.155,0.416,12,0,personal
m01242,did you see the game?? we win that one easy,1818.5,2,4,0.192,0.385,23,0,personal
m01243,Your Interac e-Transfer of $14.13 is pending. Accept deposit: bit.ly/B3ZBMd,1.1,75,1181,0.986,0.003,13,1,bank_phish
m01244,"can't talk rn, in a meeting",194.1,1,5,0.056,0.438,14,0,personal
m01245,"i owe you $60 for the shawarma btw, etransferring now",1098.0,2,4,0.041,0.615,15,0,personal
m01246,Bow River Dental: reminder of your appointment Sunday at 7:00. Reply C to confirm or call 403-555-0142.,915.8,118,3791,0.98,0.007,11,0,business_notification
m01247,did you remember to pay rent,1085.4,1,3,0.069,0.725,14,0,personal
m01248,ugh the c-train is delayed again,479.3,1,4,0.007,0.401,13,0,personal
m01249,"RUNNING LATE, BE THERE IN 11 MIN",442.8,1,3,0.027,0.701,22,0,personal
m01250,"can't talk rn, in a meeting",1881.2,4,6,0.337,0.544,18,0,personal
m01251,are u home? forgot my keys,1633.4,1,7,0.001,0.584,18,0,personal
m01252,We attempted delivery of your parcel. Reschedule and pay the $2.49 fee at http://rewards-ca.link/KDfPi within 48h.,2.7,377,1753,0.995,0.048,8,1,parcel_fee
m01253,We attempted delivery of your parcel. Reschedule and pay the $1.99 fee at http://rewards-ca.link/JcHEs within 48h.,7.4,183,335,0.986,0.019,8,1,parcel_fee
m01254,Your order from Chinook Books has shipped. Track: prairietel.ca/bill,916.3,264,2027,0.912,0.02,16,0,business_notification
m01255,Last chance! 30% off at Northern Outfitters ends tonight. Shop mplbn.ca/deal Reply STOP to unsubscribe,1135.1,656,4663,0.938,0.003,14,0,marketing_legit
m01256,"call me when you can, kinda urgent, it's about the car",1521.7,2,2,0.1,0.706,20,0,personal
m01257,"government of canada: you are eligible for a benefit payment of $451.76. final notice, apply at bit.ly/qqphdr",2.9,96,955,0.972,0.014,11,1,tax_refund
m01258,lol that was so funny,7257.2,2,4,0.057,0.712,22,0,personal
m01259,We attempted delivery of your parcel. Reschedule and pay the $1.99 fee at cra-refund-c940.xyz within 48h.,4.2,437,922,0.985,0.009,6,1,parcel_fee
m01260,happy birthday Mo!! have an amazing day,303.6,1,6,0.042,0.626,22,0,personal
m01261,ok sounds good,4906.4,2,6,0.097,0.579,13,0,personal
m01262,what time is dinner,194.3,1,6,0.031,0.576,10,0,personal
m01263,mom says call her,9.1,0,2,0.06,0.679,19,0,personal
m01264,You're invited: Stampede Sports members' night Tuesday. Win prizes & more. Reply STOP to opt out,1532.0,695,4690,0.999,0.005,11,0,marketing_legit
m01265,yes!! i got the job,3218.1,0,5,0.073,0.514,17,0,personal
m01266,hey are you free Saturday night?,902.8,2,6,0.039,0.712,19,0,personal
m01267,here's that video lol vid.example/Mei4n,314.8,1,4,0.0,0.442,21,0,personal
m01268,Your Prairie Telecom bill of $29.18 is ready. View at northernoutfitters.ca/sale. Reply STOP to opt out.,2335.1,328,1174,0.93,0.25,10,0,business_notification
m01269,"that's fine, see you Monday",707.3,3,6,0.118,0.621,21,0,personal
m01270,"i owe you $17 for the tacos btw, etransferring now",348.4,0,5,0.043,0.895,11,0,personal
m01271,Last chance! 30% off at Northern Outfitters ends tonight. Shop bowriverdental.ca/c Reply STOP to unsubscribe,661.2,195,9895,0.988,0.076,16,0,marketing_legit
m01272,what time is dinner,761.5,2,4,0.259,0.619,12,0,personal
m01273,lol that was so funny,2741.0,2,3,0.007,0.533,20,0,personal
m01274,"hey its Sam, new number, save this one",952.0,2,5,0.105,0.628,20,0,personal
m01275,Prairie Telecom: Upgrade today and get 2 months free. Details bowriverdental.ca/c Txt STOP to end,1214.1,859,7642,0.93,0.046,11,0,marketing_legit
m01276,You're invited: Stampede Sports members' night Friday. Win prizes & more. Reply STOP to opt out,760.9,356,3289,0.702,0.035,10,0,marketing_legit
m01277,what time is dinner,3291.2,2,5,0.05,0.501,17,0,personal
m01278,good luck on your exam tmrw!,1279.5,2,9,0.085,0.442,12,0,personal
m01279,Your order from Chinook Books has shipped. Track: bowriverdental.ca/c,3042.5,149,552,0.968,0.051,15,0,business_notification
m01280,lol that was so funny,792.1,4,2,0.116,0.712,15,0,personal
m01281,"Foothills Credit Union: a purchase of $66.15 was made on your card ending 9359. If this wasn't you, call the number on the back of your card.",1632.4,232,4314,0.874,0.012,13,0,business_notification
m01282,"that's fine, see you Wednesday",369.1,4,5,0.033,0.551,18,0,personal
m01283,congratulations! your number won our monthly draw. call 1-900-555-9722 to claim your cash prize before midnight!,1.1,70,574,0.975,0.016,15,1,prize
m01284,did you see the game?? we win that one easy,152.0,1,4,0.085,0.644,8,0,personal
m01285,lmk if you want shawarma tonight,821.4,0,3,0.262,0.285,16,0,personal
m01286,Bow River Dental: reminder of your appointment Thursday at 3:45. Reply C to confirm or call 403-555-0142.,656.7,131,1812,0.99,0.128,19,0,business_notification
m01287,ugh the c-train is delayed again,975.7,2,5,0.073,0.449,16,0,personal
m01288,ugh the c-train is delayed again,794.2,0,4,0.038,0.555,12,0,personal
m01289,You're invited: Stampede Sports members' night Saturday. Win prizes & more. Reply STOP to opt out,1411.3,893,4081,0.694,0.055,13,0,marketing_legit
m01290,did you see the game?? we win that one easy,918.1,0,6,0.068,0.527,14,0,personal
m01291,"i owe you $53 for the sushi btw, etransferring now",3286.2,2,3,0.088,0.774,18,0,personal
m01292,"that's fine, see you Wednesday",3827.3,2,3,0.025,0.666,17,0,personal
m01293,are u home? forgot my keys,8.6,0,3,0.032,0.574,15,0,personal
m01294,"that's fine, see you Friday",1113.1,4,3,0.076,0.809,8,0,personal
m01295,"Foothills Credit Union: a purchase of $45.66 was made on your card ending 7156. If this wasn't you, call the number on the back of your card.",1551.9,303,2423,0.947,0.029,10,0,business_notification
m01296,meet at Chinook at 7:00?,1049.6,0,4,0.053,0.663,16,0,personal
m01297,Congratulations! Your number won our monthly draw. Call 1-900-555-2826 to claim your CASH prize before midnight!,7.0,86,2195,0.8,0.026,6,1,prize
m01298,You're invited: Stampede Sports members' night Sunday. Win prizes & more. Reply STOP to opt out,1473.6,847,4453,0.892,0.011,10,0,marketing_legit
m01299,"running late, be there in 17 min",8328.5,2,5,0.042,0.336,15,0,personal
m01300,"thanks for today, had a great time",255.5,2,2,0.268,0.418,20,0,personal
m01301,You're invited: Stampede Sports members' night Saturday. Win prizes & more. Reply STOP to opt out,1344.8,631,9864,0.999,0.026,18,0,marketing_legit
m01302,OMW,1485.0,1,4,0.126,0.592,14,0,personal
m01303,Maple Bean Coffee: FREE donut with any large coffee this weekend! Show this text. Reply STOP to opt out,1046.6,449,6008,0.75,0.235,17,0,marketing_legit
m01304,"Foothills Credit Union: a purchase of $26.17 was made on your card ending 1073. If this wasn't you, call the number on the back of your card.",1638.0,152,1837,0.867,0.043,20,0,business_notification
m01305,are u home? forgot my keys,944.5,2,4,0.11,0.778,8,0,personal
m01306,Your Prairie Telecom bill of $93.06 is ready. View at prairietel.ca/bill. Reply STOP to opt out.,2567.1,133,1109,0.962,0.012,9,0,business_notification
m01307,ugh the c-train is delayed again,1280.0,0,9,0.037,0.555,8,0,personal
m01308,mom says call her,1590.6,1,2,0.137,0.674,18,0,personal
m01309,ugh the c-train is delayed again,2184.9,0,2,0.02,0.52,13,0,personal
m01310,Bow River Dental: reminder of your appointment Friday at 11:00. Reply C to confirm or call 403-555-0142.,2048.3,63,1998,0.973,0.253,10,0,business_notification
m01311,City of Calgary: your recycling pickup moves to Wednesday this week.,2453.4,76,3570,0.984,0.031,12,0,business_notification
m01312,mom says call her,822.2,0,4,0.067,0.596,22,0,personal
m01313,We attempted delivery of your parcel. Reschedule and pay the $1.99 fee at http://cp-redeliver-s89t.top/pay within 48h.,11.4,188,2940,0.977,0.016,19,1,parcel_fee
m01314,hey are you free Thursday night?,1660.9,0,2,0.051,0.542,16,0,personal
m01315,meet at the Superstore at 10:15?,1274.4,4,5,0.163,0.643,18,0,personal
m01316,ok sounds good,617.3,2,5,0.272,0.5,21,0,personal
m01317,mom says call her,1704.7,2,2,0.161,0.492,10,0,personal
m01318,Your Prairie Telecom bill of $48.01 is ready. View at bowriverdental.ca/c. Reply STOP to opt out.,1482.9,534,1365,0.881,0.147,17,0,business_notification
m01319,ugh the c-train is delayed again,412.7,4,1,0.093,0.689,23,0,personal
m01320,"call me when you can, kinda urgent, it's about the car",219.4,0,5,0.008,0.751,21,0,personal
m01321,City of Calgary: your recycling pickup moves to Monday this week.,1958.9,339,747,0.784,0.11,16,0,business_notification
m01322,did you remember to pay rent,1617.8,1,4,0.034,0.491,18,0,personal
m01323,Last chance! 30% off at Northern Outfitters ends tonight. Shop bowriverdental.ca/c Reply STOP to unsubscribe,1492.3,768,2811,0.911,0.029,14,0,marketing_legit
m01324,"can't talk rn, in a meeting",1198.4,0,8,0.016,0.632,21,0,personal
m01325,good luck on your exam tmrw!,369.2,1,7,0.024,0.861,21,0,personal
m01326,Your Prairie Telecom bill of $22.14 is ready. View at bowriverdental.ca/c. Reply STOP to opt out.,1253.0,201,3875,0.859,0.035,13,0,business_notification
m01327,did you remember to pay rent,298.5,0,4,0.094,0.408,18,0,personal
m01328,ugh the c-train is delayed again,361.3,2,6,0.34,0.301,13,0,personal
m01329,CRA: You have a pending refund of $693.41. Accept your deposit here http://rewards-ca.link/Ihj1n,5.5,440,155,0.966,0.003,14,1,tax_refund
m01330,"i owe you $88 for the sushi btw, etransferring now",1409.8,1,2,0.0,0.35,20,0,personal
m01331,lol that was so funny,4588.0,4,4,0.162,0.666,9,0,personal
m01332,"i owe you $73 for the sushi btw, etransferring now",1076.8,2,7,0.237,0.64,17,0,personal
m01333,what time is dinner,2181.3,1,5,0.027,0.511,20,0,personal
m01334,here's that video lol vid.example/435nm,495.4,3,5,0.157,0.326,11,0,personal
m01335,did you remember to pay rent,1080.6,2,5,0.015,0.676,21,0,personal
m01336,what time is dinner,1240.0,3,6,0.038,0.629,21,0,personal
m01337,City of Calgary: your recycling pickup moves to Wednesday this week.,764.9,38,1116,0.804,0.187,8,0,business_notification
m01338,did you see the game?? we win that one easy,3880.4,1,3,0.271,0.794,19,0,personal
m01339,can you grab milk on the way home,872.7,1,3,0.362,0.68,10,0,personal
m01340,OMW,1328.4,3,5,0.129,0.309,12,0,personal
m01341,Your order from Chinook Books has shipped. Track: mplbn.ca/deal,2226.8,267,1444,0.938,0.029,12,0,business_notification
m01342,omw,6099.0,1,5,0.042,0.596,13,0,personal
m01343,lol that was so funny,2846.0,2,7,0.101,0.757,21,0,personal
m01344,Bow River Dental: reminder of your appointment Friday at 10:15. Reply C to confirm or call 403-555-0142.,2577.5,288,3409,0.839,0.027,11,0,business_notification
m01345,City of Calgary: your recycling pickup moves to Friday this week.,467.0,227,3630,0.989,0.041,13,0,business_notification
m01346,OK SOUNDS GOOD,815.8,1,6,0.03,0.511,13,0,personal
m01347,You have 1 unclaimed reward from Canadian Rewards Club. Claim within 24hrs: cra-refund-8ovg.xyz,0.8,31,1602,0.994,0.0,4,1,prize
m01348,DID YOU SEE THE GAME?? WE WIN THAT ONE EASY,1198.5,0,8,0.345,0.907,16,0,personal
m01349,yes!! i got the job,394.7,1,6,0.028,0.735,18,0,personal
m01350,are u home? forgot my keys,1985.9,2,2,0.156,0.469,0,0,personal
m01351,hey are you free Monday night?,727.3,2,4,0.053,0.711,5,0,personal
m01352,Prairie Telecom: Upgrade today and get 2 months free. Details chinookbooks.ca/track Txt STOP to end,555.1,378,4979,0.867,0.034,11,0,marketing_legit
m01353,mom says call her,448.2,3,2,0.037,0.357,18,0,personal
m01354,good luck on your exam tmrw!,2009.6,0,5,0.002,0.485,14,0,personal
m01355,did you see the game?? we win that one easy,295.7,0,7,0.006,0.876,12,0,personal
m01356,lmk if you want sushi tonight,1167.9,1,2,0.018,0.636,15,0,personal
m01357,"free tickets to the flames game from work, want one?",294.9,2,3,0.027,0.606,22,0,personal
m01358,You're invited: Stampede Sports members' night Saturday. Win prizes & more. Reply STOP to opt out,1419.1,564,5152,0.989,0.006,9,0,marketing_legit
m01359,Prairie Telecom: Upgrade today and get 2 months free. Details chinookbooks.ca/track Txt STOP to end,977.1,231,8324,0.785,0.088,15,0,marketing_legit
m01360,meet at work at 6:30?,30.3,2,9,0.017,0.598,7,0,personal
m01361,Prairie Parcel: your package was delivered to your front door at 9:30.,898.2,187,1082,0.993,0.02,16,0,business_notification
m01362,"WINNER!! You have been selected to receive a $1,500 gift card. Claim now at http://rewards-ca.link/AD56y",4.9,391,433,0.988,0.006,8,1,prize
m01363,meet at the gym at 9:30?,575.9,0,6,0.065,0.785,19,0,personal
m01364,MOM SAYS CALL HER,1789.7,2,4,0.101,0.703,20,0,personal
m01365,good luck on your exam tmrw!,283.6,2,4,0.241,0.698,13,0,personal
m01366,what time is dinner,309.3,2,6,0.025,0.815,17,0,personal
m01367,Bow River Dental: reminder of your appointment Friday at 9:30. Reply C to confirm or call 403-555-0142.,2150.1,265,1343,0.772,0.351,17,0,business_notification
m01368,Last chance! 30% off at Northern Outfitters ends tonight. Shop northernoutfitters.ca/sale Reply STOP to unsubscribe,1073.6,954,5005,0.837,0.041,9,0,marketing_legit
m01369,Prairie Parcel: your package was delivered to your front door at 11:00.,854.1,63,7214,0.967,0.061,19,0,business_notification
m01370,hey are you free Thursday night?,1813.2,0,5,0.033,0.462,14,0,personal
m01371,Last chance! 30% off at Northern Outfitters ends tonight. Shop bowriverdental.ca/c Reply STOP to unsubscribe,2948.6,405,4975,0.886,0.064,16,0,marketing_legit
m01372,here's that video lol vid.example/7eogY,1765.1,1,5,0.002,0.326,18,0,personal
m01373,Your Prairie Telecom bill of $58.01 is ready. View at prairietel.ca/bill. Reply STOP to opt out.,1809.0,184,2196,0.911,0.036,13,0,business_notification
m01374,happy birthday Chloe!! have an amazing day,1552.9,1,6,0.005,0.502,18,0,personal
m01375,did you see the game?? we win that one easy,1609.9,1,5,0.227,0.457,13,0,personal
m01376,ok sounds good,551.9,2,4,0.005,0.506,13,0,personal
m01377,lmk if you want sushi tonight,2764.0,1,4,0.175,0.635,10,0,personal
m01378,Bow River Dental: reminder of your appointment Friday at 6:30. Reply C to confirm or call 403-555-0142.,2307.0,506,8503,0.918,0.027,14,0,business_notification
m01379,"Foothills Credit Union: a purchase of $17.05 was made on your card ending 9399. If this wasn't you, call the number on the back of your card.",1807.7,148,1215,0.932,0.001,10,0,business_notification
m01380,Your order from Chinook Books has shipped. Track: chinookbooks.ca/track,1037.2,263,2362,0.884,0.029,19,0,business_notification
m01381,meet at the library at 2:00?,478.7,3,12,0.28,0.814,18,0,personal
m01382,happy birthday Alex!! have an amazing day,705.2,0,4,0.011,0.484,15,0,personal
m01383,omw,685.8,1,4,0.084,0.274,19,0,personal
m01384,here's that video lol vid.example/I3xQH,1637.7,2,6,0.122,0.651,19,0,personal
m01385,are u home? forgot my keys,766.7,2,8,0.213,0.506,19,0,personal
m01386,hey are you free Wednesday night?,785.6,1,4,0.028,0.609,21,0,personal
m01387,omw,4655.1,0,6,0.037,0.566,16,0,personal
m01388,We attempted delivery of your parcel. Reschedule and pay the $2.49 fee at cra-refund-irry.xyz within 48h.,5.1,185,853,0.917,0.008,10,1,parcel_fee
m01389,"running late, be there in 13 min",485.9,5,4,0.069,0.747,18,0,personal
m01390,HAPPY BIRTHDAY ALEX!! HAVE AN AMAZING DAY,4.2,5,2,0.066,0.68,10,0,personal
m01391,Bow River Dental: reminder of your appointment Thursday at 11:00. Reply C to confirm or call 403-555-0142.,1271.5,176,2122,0.755,0.043,18,0,business_notification
m01392,did you remember to pay rent,1180.7,0,6,0.043,0.642,19,0,personal
m01393,ok sounds good,1363.4,0,6,0.025,0.49,20,0,personal
m01394,lol that was so funny,3585.6,0,2,0.008,0.758,9,0,personal
m01395,Your verification code is 578182. Do not share this code with anyone.,1890.5,166,850,0.982,0.018,17,0,business_notification
m01396,here's that video lol vid.example/evKPc,408.8,1,4,0.292,0.437,0,0,personal
m01397,Bow River Dental: reminder of your appointment Tuesday at 11:00. Reply C to confirm or call 403-555-0142.,1492.1,204,4122,0.989,0.034,20,0,business_notification
m01398,did you remember to pay rent,3121.0,1,6,0.02,0.603,17,0,personal
m01399,happy birthday Jess!! have an amazing day,85.3,1,4,0.072,0.358,16,0,personal
m01400,hey are you free Saturday night?,1548.5,2,5,0.062,0.926,14,0,personal
m01401,good luck on your exam tmrw!,1728.1,2,8,0.125,0.708,12,0,personal
m01402,ugh the c-train is delayed again,6.5,1,2,0.024,0.539,11,0,personal
m01403,Bow River Dental: reminder of your appointment Thursday at 10:15. Reply C to confirm or call 403-555-0142.,2065.9,347,2382,0.878,0.142,13,0,business_notification
m01404,Your verification code is 545366. Do not share this code with anyone.,1941.1,169,3980,0.828,0.03,8,0,business_notification
m01405,Bow River Dental: reminder of your appointment Wednesday at 9:30. Reply C to confirm or call 403-555-0142.,833.4,369,2688,0.999,0.049,18,0,business_notification
m01406,"can't talk rn, in a meeting",1103.9,1,7,0.501,0.484,15,0,personal
m01407,"Foothills Credit Union: a purchase of $52.63 was made on your card ending 5490. If this wasn't you, call the number on the back of your card.",1850.7,338,3681,0.993,0.135,10,0,business_notification
m01408,"Hello! We saw your resume online. Simple online tasks, earn $300 daily. Reply YES to learn more",2.4,5,384,0.929,0.049,17,1,job_offer
m01409,ok sounds good,280.1,3,3,0.036,0.587,23,0,personal
m01410,Maple Bean Coffee: FREE donut with any large coffee this weekend! Show this text. Reply STOP to opt out,466.1,770,9137,0.91,0.055,13,0,marketing_legit
m01411,"Hello! We saw your resume online. Simple online tasks, earn $450 daily. Reply YES to learn more",8.8,26,24,0.865,0.306,16,1,job_offer
m01412,"free tickets to the flames game from work, want one?",3950.4,3,6,0.027,0.474,16,0,personal
m01413,"hey its Priya, new number, save this one",377.5,1,5,0.009,0.538,17,0,personal
m01414,can you grab milk on the way home,1318.2,1,8,0.02,0.697,13,0,personal
m01415,mom says call her,490.7,0,3,0.081,0.805,15,0,personal
m01416,"call me when you can, kinda urgent, it's about the car",1814.2,1,3,0.097,0.28,15,0,personal
m01417,meet at Kensington at 10:15?,1602.3,1,2,0.037,0.615,19,0,personal
m01418,Prairie Parcel: your package is on hold due to unpaid shipping fee ($3.15). Pay now: https://secure-fcu-verify.info/5p2ko,0.8,81,129,0.956,0.012,16,1,parcel_fee
m01419,"free tickets to the flames game from work, want one?",747.0,0,1,0.155,0.559,20,0,personal
m01420,lmk if you want tacos tonight,587.8,1,4,0.014,0.556,12,0,personal
m01421,happy birthday Alex!! have an amazing day,1950.1,1,2,0.209,0.863,16,0,personal
m01422,meet at the gym at 7:00?,2845.4,0,6,0.188,0.461,0,0,personal
m01423,meet at Chinook at 2:00?,1646.1,3,5,0.288,0.754,19,0,personal
m01424,"Foothills Credit Union: a purchase of $29.63 was made on your card ending 8754. If this wasn't you, call the number on the back of your card.",1482.4,516,2004,0.95,0.06,8,0,business_notification
m01425,"Foothills Credit Union: a purchase of $93.45 was made on your card ending 9492. If this wasn't you, call the number on the back of your card.",713.5,344,1758,0.928,0.02,9,0,business_notification
m01426,Congratulations! Your number won our monthly draw. Call 1-900-555-2374 to claim your CASH prize before midnight!,2.6,26,557,0.974,0.081,18,1,prize
m01427,can you grab milk on the way home,1.4,1,3,0.206,0.862,10,0,personal
m01428,"can't talk rn, in a meeting",1551.7,1,6,0.368,0.45,22,0,personal
m01429,"call me when you can, kinda urgent, it's about the car",1040.8,2,2,0.025,0.366,18,0,personal
m01430,You're invited: Stampede Sports members' night Thursday. Win prizes & more. Reply STOP to opt out,924.1,880,12964,0.999,0.052,13,0,marketing_legit
m01431,"call me when you can, kinda urgent, it's about the car",999.5,2,6,0.029,0.557,13,0,personal
m01432,yes!! i got the job,749.7,2,7,0.027,0.579,10,0,personal
m01433,Security notice: your card has been locked. Confirm your identity now http://cp-redeliver-7lh5.top/pay,2.4,109,579,0.962,0.049,18,1,bank_phish
m01434,Prairie Parcel: your package was delivered to your front door at 10:15.,1713.7,862,1600,0.931,0.14,10,0,business_notification
m01435,lmk if you want ramen tonight,1197.7,1,5,0.024,0.497,20,0,personal
m01436,You're invited: Stampede Sports members' night Monday. Win prizes & more. Reply STOP to opt out,934.2,721,12289,0.94,0.002,19,0,marketing_legit
m01437,"hey its Omar, new number, save this one",623.9,5,2,0.042,0.59,12,0,personal
m01438,did you see the game?? we win that one easy,1334.6,2,6,0.095,0.698,22,0,personal
m01439,"can't talk rn, in a meeting",1071.5,2,3,0.031,0.517,17,0,personal
m01440,yes!! i got the job,1340.3,5,9,0.09,0.736,17,0,personal
m01441,"hey its Alex, new number, save this one",969.7,2,6,0.047,0.512,14,0,personal
m01442,lmk if you want tacos tonight,932.6,1,4,0.006,0.69,21,0,personal
m01443,ok sounds good,1181.5,2,5,0.123,0.347,20,0,personal
m01444,"hi it's kai, lost my phone. can you send me $750 by etransfer, i'll pay you back tomorrow",35.4,51,44,0.892,0.301,7,1,hi_mum
m01445,mom says call her,7.4,1,1,0.128,0.595,18,0,personal
m01446,Prairie Parcel: your package was delivered to your front door at 2:00.,1539.7,281,3925,0.932,0.008,15,0,business_notification
m01447,omw,416.4,4,3,0.035,0.684,11,0,personal
m01448,"Government of Canada: you are eligible for a benefit payment of $166.14. Final notice, apply at http://rewards-ca.link/bcVXT",4.3,48,245,0.86,0.043,13,1,tax_refund
m01449,good luck on your exam tmrw!,811.2,0,3,0.211,0.401,20,0,personal
m01450,City of Calgary: your recycling pickup moves to Thursday this week.,537.7,109,1790,0.88,0.073,10,0,business_notification
m01451,"free tickets to the flames game from work, want one?",2339.9,2,2,0.25,0.49,0,0,personal
m01452,"i owe you $32 for the ramen btw, etransferring now",289.7,1,3,0.064,0.582,17,0,personal
m01453,lol that was so funny,535.6,1,9,0.142,0.471,12,0,personal
m01454,"I OWE YOU $45 FOR THE SHAWARMA BTW, ETRANSFERRING NOW",1765.4,0,5,0.008,0.781,19,0,personal
m01455,Prairie Parcel: your package was delivered to your front door at 6:30.,1428.9,280,1271,0.904,0.061,17,0,business_notification
m01456,can you grab milk on the way home,955.2,1,2,0.075,0.853,11,0,personal
m01457,ugh the c-train is delayed again,283.4,6,8,0.047,0.305,21,0,personal
m01458,good luck on your exam tmrw!,4.5,1,3,0.161,0.569,11,0,personal
m01459,"Foothills Credit Union: a purchase of $93.72 was made on your card ending 2429. If this wasn't you, call the number on the back of your card.",1339.8,158,2295,0.987,0.105,19,0,business_notification
m01460,"Hello! We saw your resume online. Simple online tasks, earn $300 daily. Reply YES to learn more",16.6,12,145,0.981,0.047,15,1,job_offer
m01461,Prairie Parcel: your package was delivered to your front door at 6:30.,846.5,250,2669,0.972,0.031,10,0,business_notification
m01462,City of Calgary: your recycling pickup moves to Friday this week.,2090.2,146,1442,0.958,0.016,9,0,business_notification
m01463,"can't talk rn, in a meeting",2568.5,0,9,0.363,0.648,19,0,personal
m01464,"sorry, who is this? your number was in my contacts",8.3,30,364,0.946,0.035,21,1,wrong_number
m01465,"Foothills Credit Union: a purchase of $66.02 was made on your card ending 6222. If this wasn't you, call the number on the back of your card.",1173.0,111,2161,0.999,0.01,11,0,business_notification
m01466,ok sounds good,420.4,0,8,0.022,0.866,10,0,personal
m01467,happy birthday Maya!! have an amazing day,320.6,4,5,0.027,0.561,6,0,personal
m01468,"Foothills Credit Union: a purchase of $48.91 was made on your card ending 3142. If this wasn't you, call the number on the back of your card.",738.1,211,4458,0.976,0.028,18,0,business_notification
m01469,Prairie Parcel: your package was delivered to your front door at 6:30.,993.5,126,9548,0.932,0.197,11,0,business_notification
m01470,"hey dad its me, new phone. can you do me a favour? need to pay a bill today",5083.7,7,44,0.46,0.056,5,1,hi_mum
m01471,Your verification code is 701837. Do not share this code with anyone.,1158.9,466,15020,0.856,0.175,9,0,business_notification
m01472,omw,637.0,2,8,0.354,0.488,18,0,personal
m01473,Prairie Parcel: your package was delivered to your front door at 7:00.,1188.4,524,3067,0.923,0.002,9,0,business_notification
m01474,Last chance! 30% off at Northern Outfitters ends tonight. Shop prairietel.ca/bill Reply STOP to unsubscribe,1001.6,505,10813,0.952,0.01,17,0,marketing_legit
m01475,Hi is this Jess? We met at the golf club last week,3.9,9,169,0.979,0.073,23,1,wrong_number
m01476,"can't talk rn, in a meeting",2225.6,2,4,0.015,0.493,20,0,personal
m01477,yes!! i got the job,191.9,2,6,0.162,0.599,10,0,personal
m01478,can you grab milk on the way home,5.2,0,4,0.028,0.585,22,0,personal
m01479,hey are you free Friday night?,4790.0,1,2,0.262,0.705,9,0,personal
m01480,City of Calgary: your recycling pickup moves to Monday this week.,1105.8,213,555,0.932,0.045,9,0,business_notification
m01481,Bow River Dental: reminder of your appointment Friday at 9:30. Reply C to confirm or call 403-555-0142.,1720.4,108,3347,0.905,0.007,13,0,business_notification
m01482,here's that video lol vid.example/qa6mV,320.4,1,1,0.094,0.822,20,0,personal
m01483,City of Calgary: your recycling pickup moves to Wednesday this week.,1021.6,165,2965,0.972,0.032,10,0,business_notification
m01484,"THANKS FOR TODAY, HAD A GREAT TIME",759.0,1,4,0.079,0.7,17,0,personal
m01485,Your order from Chinook Books has shipped. Track: mplbn.ca/deal,774.2,282,4405,0.95,0.025,15,0,business_notification
m01486,here's that video lol vid.example/62Gk9,719.7,2,8,0.028,0.739,10,0,personal
m01487,ugh the c-train is delayed again,477.4,1,6,0.027,0.777,11,0,personal
m01488,ugh the c-train is delayed again,664.8,1,3,0.168,0.546,16,0,personal
m01489,ugh the c-train is delayed again,3319.4,0,6,0.108,0.621,18,0,personal
m01490,Your Prairie Telecom bill of $13.67 is ready. View at mplbn.ca/deal. Reply STOP to opt out.,4597.0,266,5458,0.975,0.12,19,0,business_notification
m01491,here's that video lol vid.example/zWY0M,455.1,1,5,0.069,0.649,16,0,personal
m01492,Your Prairie Telecom bill of $9.99 is ready. View at chinookbooks.ca/track. Reply STOP to opt out.,1616.4,269,11848,0.824,0.005,17,0,business_notification
m01493,happy birthday Omar!! have an amazing day,1804.9,2,3,0.112,0.583,8,0,personal
m01494,You're invited: Stampede Sports members' night Friday. Win prizes & more. Reply STOP to opt out,712.0,324,10311,0.94,0.025,12,0,marketing_legit
m01495,Your order from Chinook Books has shipped. Track: mplbn.ca/deal,1318.2,114,978,0.992,0.091,14,0,business_notification
m01496,did you remember to pay rent,3907.2,5,3,0.005,0.71,17,0,personal
m01497,mom says call her,1111.4,1,4,0.155,0.721,15,0,personal
m01498,Security notice: your card has been locked. Confirm your identity now http://rewards-ca.link/RNO49,18.4,62,836,0.996,0.015,9,1,bank_phish
m01499,"call me when you can, kinda urgent, it's about the car",843.4,1,7,0.012,0.339,9,0,personal
m01500,ugh the c-train is delayed again,1353.0,1,3,0.169,0.543,22,0,personal
m01501,happy birthday Ravi!! have an amazing day,657.6,3,4,0.05,0.384,22,0,personal
m01502,happy birthday Omar!! have an amazing day,736.2,2,4,0.181,0.561,16,0,personal
m01503,Your verification code is 248394. Do not share this code with anyone.,2303.5,187,4763,0.969,0.032,8,0,business_notification
m01504,"running late, be there in 11 min",1056.8,2,4,0.033,0.616,11,0,personal
m01505,omw,2212.5,3,6,0.05,0.81,23,0,personal
m01506,happy birthday Kai!! have an amazing day,997.1,1,5,0.229,0.622,18,0,personal
m01507,You're invited: Stampede Sports members' night Wednesday. Win prizes & more. Reply STOP to opt out,1039.7,804,10704,0.794,0.123,14,0,marketing_legit
m01508,"hey its Ravi, new number, save this one",590.3,2,4,0.045,0.355,14,0,personal
m01509,HAPPY BIRTHDAY ALEX!! HAVE AN AMAZING DAY,595.1,3,3,0.026,0.528,11,0,personal
m01510,lmk if you want tacos tonight,1802.3,1,7,0.138,0.297,20,0,personal
m01511,City of Calgary: your recycling pickup moves to Tuesday this week.,2687.1,187,872,0.839,0.125,16,0,business_notification
m01512,Prairie Parcel: your package is on hold due to unpaid shipping fee ($1.99). Pay now: https://secure-fcu-verify.info/ijh0e,7.7,15,1907,0.963,0.002,19,1,parcel_fee
m01513,"thanks for today, had a great time",1474.1,1,2,0.098,0.615,18,0,personal
m01514,Prairie Parcel: your package was delivered to your front door at 9:30.,774.6,1236,9075,0.641,0.079,13,0,business_notification
m01515,Prairie Parcel: your package is on hold due to unpaid shipping fee ($1.99). Pay now: https://secure-fcu-verify.info/ezfag,360.2,9,54,0.632,0.122,14,1,parcel_fee
m01516,omw,817.4,4,10,0.018,0.613,7,0,personal
m01517,Congratulations! Your number won our monthly draw. Call 1-900-555-5694 to claim your CASH prize before midnight!,2.0,365,473,0.912,0.006,5,1,prize
m01518,meet at the gym at 10:15?,2535.5,0,5,0.051,0.641,18,0,personal
m01519,"thanks for today, had a great time",954.6,1,2,0.04,0.656,22,0,personal
m01520,cra: you have a pending refund of $650.03. accept your deposit here bit.ly/dxswet,5.6,171,651,0.895,0.022,18,1,tax_refund
m01521,"that's fine, see you Thursday",604.6,1,4,0.381,0.617,15,0,personal
m01522,"hey its Priya, new number, save this one",527.6,3,6,0.052,0.667,18,0,personal
m01523,are u home? forgot my keys,271.1,3,7,0.089,0.536,12,0,personal
m01524,Your Prairie Telecom bill of $57.55 is ready. View at chinookbooks.ca/track. Reply STOP to opt out.,1267.8,146,4639,0.988,0.014,11,0,business_notification
m01525,lmk if you want shawarma tonight,2092.0,2,5,0.069,0.826,11,0,personal
m01526,"thanks for today, had a great time",3313.5,0,3,0.188,0.547,16,0,personal
m01527,"Hello, is this Dr. Omar? I wanted to confirm our meeting Tuesday",5.4,19,45,0.89,0.067,10,1,wrong_number
m01528,"Hi, I'm a recruiter with a remote part-time role, $450/day, flexible hours. Interested?",499.3,6,36,0.652,0.056,21,1,job_offer
m01529,here's that video lol vid.example/gxWlM,2085.7,0,7,0.047,0.533,16,0,personal
m01530,"hey its Jordan, new number, save this one",319.0,1,5,0.046,0.448,21,0,personal
m01531,Last chance! 30% off at Northern Outfitters ends tonight. Shop northernoutfitters.ca/sale Reply STOP to unsubscribe,663.1,275,3176,0.801,0.026,9,0,marketing_legit
m01532,lol that was so funny,356.7,3,5,0.04,0.654,10,0,personal
m01533,hey are you free Sunday night?,8.9,1,5,0.224,0.476,3,0,personal
m01534,did you remember to pay rent,119.8,1,7,0.043,0.622,12,0,personal
m01535,"that's fine, see you Friday",531.0,2,6,0.039,0.72,15,0,personal
m01536,what time is dinner,1115.1,2,1,0.201,0.618,0,0,personal
m01537,You're invited: Stampede Sports members' night Wednesday. Win prizes & more. Reply STOP to opt out,1503.5,1314,7084,0.898,0.027,11,0,marketing_legit
m01538,ok sounds good,681.4,2,10,0.061,0.801,18,0,personal
m01539,ugh the c-train is delayed again,368.9,1,8,0.089,0.752,11,0,personal
m01540,happy birthday Lena!! have an amazing day,1960.4,1,4,0.076,0.531,20,0,personal
m01541,meet at the library at 6:30?,1416.2,4,7,0.03,0.714,20,0,personal
m01542,"free tickets to the flames game from work, want one?",446.8,2,4,0.051,0.769,21,0,personal
m01543,lol that was so funny,227.7,1,8,0.007,0.623,17,0,personal
m01544,Prairie Parcel: your package was delivered to your front door at 2:00.,1189.5,235,2339,0.966,0.01,14,0,business_notification
m01545,"free tickets to the flames game from work, want one?",1230.1,1,6,0.109,0.532,22,0,personal
m01546,"that's fine, see you Saturday",828.9,4,5,0.06,0.729,12,0,personal
m01547,Your Prairie Telecom bill of $44.83 is ready. View at chinookbooks.ca/track. Reply STOP to opt out.,2017.2,697,5117,0.997,0.015,16,0,business_notification
m01548,Prairie Parcel: your package was delivered to your front door at 11:00.,904.6,322,3105,0.963,0.032,13,0,business_notification
m01549,ok sounds good,2493.2,1,8,0.051,0.468,11,0,personal
m01550,"that's fine, see you Friday",584.0,1,3,0.18,0.485,19,0,personal
m01551,Bow River Dental: reminder of your appointment Tuesday at 10:15. Reply C to confirm or call 403-555-0142.,1470.0,409,1856,0.945,0.009,12,0,business_notification
m01552,happy birthday Jess!! have an amazing day,900.2,1,4,0.153,0.728,9,0,personal
m01553,"Government of Canada: you are eligible for a benefit payment of $463.85. Final notice, apply at cra-refund-3ol4.xyz",10.0,151,764,0.951,0.003,6,1,tax_refund
m01554,good luck on your exam tmrw!,464.6,4,4,0.121,0.708,22,0,personal
m01555,hey are you free Tuesday night?,570.9,1,3,0.072,0.443,16,0,personal
m01556,are u home? forgot my keys,509.4,3,7,0.125,0.581,19,0,personal
m01557,"Government of Canada: you are eligible for a benefit payment of $453.10. Final notice, apply at http://cp-redeliver-tne8.top/pay",18.5,45,457,0.976,0.009,21,1,tax_refund
m01558,mom says call her,557.1,3,5,0.062,0.491,16,0,personal
m01559,You have 1 unclaimed reward from Canadian Rewards Club. Claim within 24hrs: cra-refund-bbpb.xyz,9.5,120,576,0.964,0.066,4,1,prize
m01560,ok sounds good,588.6,0,5,0.124,0.594,14,0,personal
m01561,Prairie Parcel: your package was delivered to your front door at 10:15.,1812.2,411,6213,0.665,0.01,14,0,business_notification
m01562,"can't talk rn, in a meeting",1210.5,2,6,0.118,0.597,7,0,personal
m01563,"free tickets to the flames game from work, want one?",205.0,1,6,0.015,0.652,17,0,personal
m01564,"Hi it's Maya, lost my phone. Can you send me $380 by etransfer, I'll pay you back tomorrow",109.5,11,188,0.888,0.171,12,1,hi_mum
m01565,can you grab milk on the way home,1732.2,0,6,0.048,0.397,21,0,personal
m01566,"hey its Omar, new number, save this one",484.6,2,4,0.134,0.488,17,0,personal
m01567,Last chance! 30% off at Northern Outfitters ends tonight. Shop mplbn.ca/deal Reply STOP to unsubscribe,2039.7,233,3007,0.976,0.025,18,0,marketing_legit
m01568,Last chance! 30% off at Northern Outfitters ends tonight. Shop bowriverdental.ca/c Reply STOP to unsubscribe,703.9,397,13741,0.812,0.039,17,0,marketing_legit
m01569,"that's fine, see you Tuesday",3145.4,0,6,0.14,0.502,22,0,personal
m01570,Last chance! 30% off at Northern Outfitters ends tonight. Shop prairietel.ca/bill Reply STOP to unsubscribe,289.5,490,4132,0.796,0.032,9,0,marketing_legit
m01571,"running late, be there in 17 min",2816.0,2,4,0.052,0.517,17,0,personal
m01572,Bow River Dental: reminder of your appointment Monday at 11:00. Reply C to confirm or call 403-555-0142.,749.4,350,689,0.87,0.012,10,0,business_notification
m01573,here's that video lol vid.example/7zX4q,1565.6,0,4,0.007,0.485,12,0,personal
m01574,"running late, be there in 20 min",2709.3,1,5,0.232,0.473,11,0,personal
m01575,"i owe you $8 for the pho btw, etransferring now",330.7,0,6,0.068,0.619,16,0,personal
m01576,City of Calgary: your recycling pickup moves to Tuesday this week.,2479.8,268,4381,0.985,0.025,9,0,business_notification
m01577,omw,2648.2,4,2,0.055,0.373,17,0,personal
m01578,"CAN'T TALK RN, IN A MEETING",15.4,2,3,0.021,0.651,11,0,personal
m01579,Your verification code is 951203. Do not share this code with anyone.,2281.5,316,1724,0.844,0.002,13,0,business_notification
m01580,lol that was so funny,7.8,1,5,0.032,0.654,14,0,personal
m01581,"i owe you $19 for the sushi btw, etransferring now",326.0,1,4,0.097,0.552,12,0,personal
m01582,Your order from Chinook Books has shipped. Track: bowriverdental.ca/c,2507.4,119,1529,0.832,0.011,8,0,business_notification
m01583,are u home? forgot my keys,1601.1,0,4,0.224,0.597,19,0,personal
m01584,lmk if you want ramen tonight,643.5,3,6,0.05,0.455,14,0,personal
m01585,"that's fine, see you Friday",347.5,2,5,0.157,0.692,9,0,personal
m01586,"THANKS FOR TODAY, HAD A GREAT TIME",2159.6,1,7,0.116,0.637,18,0,personal
m01587,are u home? forgot my keys,1085.9,0,5,0.327,0.837,18,0,personal
m01588,"that's fine, see you Thursday",893.7,0,7,0.134,0.608,18,0,personal
m01589,"hey dad its me, new phone. can you do me a favour? need to pay a bill today",26.5,6,78,0.971,0.15,23,1,hi_mum
m01590,lol that was so funny,968.1,2,6,0.053,0.422,22,0,personal
m01591,mom says call her,1249.1,0,4,0.122,0.515,8,0,personal
m01592,are u home? forgot my keys,708.0,2,6,0.009,0.667,17,0,personal
m01593,are u home? forgot my keys,1279.6,3,3,0.037,0.39,13,0,personal
m01594,"hey dad its me, new phone. can you do me a favour? need to pay a bill today",4.0,2,188,0.919,0.083,12,1,hi_mum
m01595,can you grab milk on the way home,819.2,1,3,0.098,0.461,8,0,personal
m01596,Your order from Chinook Books has shipped. Track: chinookbooks.ca/track,710.3,137,6127,0.773,0.101,13,0,business_notification
m01597,can you grab milk on the way home,8.7,3,6,0.23,0.676,13,0,personal
m01598,good luck on your exam tmrw!,914.1,0,3,0.135,0.629,17,0,personal
m01599,can you grab milk on the way home,475.6,2,1,0.313,0.819,7,0,personal
m01600,mom says call her,670.3,1,5,0.048,0.566,19,0,personal
m01601,Bow River Dental: reminder of your appointment Tuesday at 3:45. Reply C to confirm or call 403-555-0142.,4493.7,320,1867,0.802,0.093,19,0,business_notification
m01602,Prairie Parcel: your package was delivered to your front door at 3:45.,1164.8,162,3138,0.897,0.018,8,0,business_notification
m01603,"that's fine, see you Thursday",989.4,1,10,0.062,0.621,21,0,personal
m01604,meet at the Superstore at 3:45?,1050.4,1,1,0.032,0.635,23,0,personal
m01605,ok sounds good,466.0,3,8,0.07,0.667,21,0,personal
m01606,"free tickets to the flames game from work, want one?",1699.9,0,5,0.026,0.549,15,0,personal
m01607,ugh the c-train is delayed again,834.9,3,5,0.171,0.733,14,0,personal
m01608,yes!! i got the job,711.4,3,7,0.037,0.532,9,0,personal
m01609,meet at work at 10:15?,559.5,3,7,0.103,0.54,11,0,personal
m01610,good luck on your exam tmrw!,521.4,0,3,0.007,0.405,21,0,personal
m01611,Your verification code is 349776. Do not share this code with anyone.,2053.6,148,1344,0.958,0.132,9,0,business_notification
m01612,ugh the c-train is delayed again,351.3,1,5,0.08,0.586,19,0,personal
m01613,meet at the library at 3:45?,478.5,1,4,0.012,0.58,8,0,personal
m01614,"free tickets to the flames game from work, want one?",515.5,2,6,0.092,0.68,12,0,personal
m01615,Prairie Parcel: your package is on hold due to unpaid shipping fee ($3.15). Pay now: http://rewards-ca.link/Er6Rf,8.9,19,968,0.958,0.031,19,1,parcel_fee
m01616,"thanks for today, had a great time",2873.3,1,5,0.078,0.602,12,0,personal
m01617,can you grab milk on the way home,2109.7,3,8,0.006,0.72,18,0,personal
m01618,mom says call her,2164.1,2,6,0.155,0.772,17,0,personal
m01619,You're invited: Stampede Sports members' night Thursday. Win prizes & more. Reply STOP to opt out,1113.6,124,4137,0.992,0.105,11,0,marketing_legit
m01620,"free tickets to the flames game from work, want one?",1308.7,4,5,0.041,0.332,18,0,personal
m01621,lmk if you want tacos tonight,276.6,1,5,0.036,0.481,12,0,personal
m01622,lol that was so funny,234.9,0,5,0.142,0.605,21,0,personal
m01623,meet at the Superstore at 10:15?,777.4,2,4,0.235,0.642,17,0,personal
m01624,ugh the c-train is delayed again,1418.6,1,3,0.098,0.584,15,0,personal
m01625,omw,1418.5,2,4,0.067,0.518,21,0,personal
m01626,lmk if you want pizza tonight,1120.7,1,6,0.117,0.364,19,0,personal
m01627,omw,611.5,2,2,0.081,0.61,20,0,personal
m01628,Your verification code is 420132. Do not share this code with anyone.,2984.9,131,2315,0.858,0.071,13,0,business_notification
m01629,Bow River Dental: reminder of your appointment Saturday at 6:30. Reply C to confirm or call 403-555-0142.,1651.1,167,3555,0.958,0.011,20,0,business_notification
m01630,Your order from Chinook Books has shipped. Track: bowriverdental.ca/c,2292.6,447,4089,0.929,0.081,8,0,business_notification
m01631,Prairie Telecom: Upgrade today and get 2 months free. Details northernoutfitters.ca/sale Txt STOP to end,2110.4,435,4638,0.911,0.044,10,0,marketing_legit
m01632,hey are you free Thursday night?,1089.0,2,6,0.146,0.669,7,0,personal
m01633,ugh the c-train is delayed again,858.3,1,4,0.096,0.373,20,0,personal
m01634,ugh the c-train is delayed again,367.0,1,4,0.328,0.68,15,0,personal
m01635,good luck on your exam tmrw!,624.2,1,5,0.047,0.411,22,0,personal
m01636,ugh the c-train is delayed again,2059.2,1,7,0.012,0.627,19,0,personal
m01637,congratulations! your number won our monthly draw. call 1-900-555-3484 to claim your cash prize before midnight!,1.2,20,975,0.951,0.006,10,1,prize
m01638,omw,1008.5,1,3,0.068,0.618,21,0,personal
m01639,"Hello, is this Dr. Jess? I wanted to confirm our meeting Tuesday",2.5,7,77,0.956,0.171,22,1,wrong_number
m01640,Last chance! 30% off at Northern Outfitters ends tonight. Shop bowriverdental.ca/c Reply STOP to unsubscribe,1682.6,1352,3686,0.985,0.019,15,0,marketing_legit
m01641,did you see the game?? we win that one easy,1407.7,2,6,0.175,0.826,21,0,personal
m01642,did you remember to pay rent,913.6,2,5,0.228,0.431,16,0,personal
m01643,Security notice: your card has been locked. Confirm your identity now bit.ly/5zP6wO,743.0,13,48,0.147,0.024,22,1,bank_phish
m01644,what time is dinner,3061.1,1,5,0.016,0.468,16,0,personal
m01645,"Government of Canada: you are eligible for a benefit payment of $472.13. Final notice, apply at http://rewards-ca.link/NHDpg",323.3,9,52,0.199,0.01,4,1,tax_refund
m01646,Last chance! 30% off at Northern Outfitters ends tonight. Shop prairietel.ca/bill Reply STOP to unsubscribe,1509.8,605,6058,0.962,0.103,19,0,marketing_legit
m01647,what time is dinner,253.9,2,4,0.174,0.456,19,0,personal
m01648,Your verification code is 490974. Do not share this code with anyone.,1956.6,337,1931,0.976,0.195,9,0,business_notification
m01649,"Hi mum, this is my new number, my phone broke. can you text me back here",33.7,9,142,0.947,0.086,13,1,hi_mum
m01650,You have 1 unclaimed reward from Canadian Rewards Club. Claim within 24hrs: cra-refund-7usg.xyz,3.3,553,887,0.998,0.003,10,1,prize
m01651,Maple Bean Coffee: FREE donut with any large coffee this weekend! Show this text. Reply STOP to opt out,1456.9,290,4935,0.551,0.06,11,0,marketing_legit
m01652,good luck on your exam tmrw!,416.7,3,10,0.096,0.843,17,0,personal
m01653,good luck on your exam tmrw!,1672.5,1,4,0.093,0.753,19,0,personal
m01654,"hey its Sam, new number, save this one",5202.6,0,1,0.025,0.591,20,0,personal
m01655,City of Calgary: your recycling pickup moves to Sunday this week.,1405.1,327,1433,0.943,0.008,12,0,business_notification
m01656,WINNER!! You have been selected to receive a $500 gift card. Claim now at bit.ly/4ReJsA,1.0,26,5212,0.993,0.015,9,1,prize
m01657,Prairie Parcel: your package was delivered to your front door at 7:00.,1775.9,82,1535,0.842,0.032,20,0,business_notification
m01658,mom says call her,1746.9,0,6,0.0,0.502,22,0,personal
m01659,Your Prairie Telecom bill of $16.69 is ready. View at chinookbooks.ca/track. Reply STOP to opt out.,1713.4,969,10337,0.756,0.054,15,0,business_notification
m01660,mom says call her,1959.1,0,2,0.025,0.537,18,0,personal
m01661,what time is dinner,6.3,0,5,0.064,0.493,9,0,personal
m01662,omw,693.4,0,4,0.002,0.306,16,0,personal
m01663,Last chance! 30% off at Northern Outfitters ends tonight. Shop prairietel.ca/bill Reply STOP to unsubscribe,1947.0,189,5107,0.924,0.003,16,0,marketing_legit
m01664,Prairie Parcel: your package was delivered to your front door at 7:00.,1788.4,190,1878,0.936,0.115,10,0,business_notification
m01665,did you remember to pay rent,584.5,1,4,0.226,0.429,11,0,personal
m01666,can you grab milk on the way home,1596.5,1,5,0.018,0.713,20,0,personal
m01667,yes!! i got the job,10.1,1,4,0.031,0.731,10,0,personal
m01668,lol that was so funny,858.6,1,4,0.084,0.486,11,0,personal
m01669,Prairie Parcel: your package was delivered to your front door at 2:00.,2219.9,183,3928,0.657,0.099,20,0,business_notification
m01670,Your Prairie Telecom bill of $59.27 is ready. View at chinookbooks.ca/track. Reply STOP to opt out.,1535.2,163,755,0.793,0.012,19,0,business_notification
m01671,lmk if you want sushi tonight,850.9,3,5,0.143,0.519,11,0,personal
m01672,mom says call her,216.8,1,6,0.199,0.454,9,0,personal
m01673,"sorry, who is this? your number was in my contacts",780.5,9,42,0.785,0.119,12,1,wrong_number
m01674,City of Calgary: your recycling pickup moves to Tuesday this week.,801.1,684,2839,0.817,0.106,17,0,business_notification
m01675,You're invited: Stampede Sports members' night Saturday. Win prizes & more. Reply STOP to opt out,2475.1,1454,5429,0.951,0.003,16,0,marketing_legit
m01676,"Hi mum, this is my new number, my phone broke. can you text me back here",3.3,16,202,0.946,0.153,16,1,hi_mum
m01677,"call me when you can, kinda urgent, it's about the car",202.2,1,6,0.372,0.463,19,0,personal
m01678,DID YOU REMEMBER TO PAY RENT,293.0,2,5,0.15,0.562,22,0,personal
m01679,"thanks for today, had a great time",990.8,0,5,0.178,0.574,22,0,personal
m01680,"free tickets to the flames game from work, want one?",1038.2,4,3,0.055,0.488,8,0,personal
m01681,"thanks for today, had a great time",696.6,0,3,0.055,0.664,8,0,personal
m01682,did you see the game?? we win that one easy,629.3,0,5,0.096,0.584,3,0,personal
m01683,can you grab milk on the way home,3.5,1,3,0.11,0.446,7,0,personal
m01684,Maple Bean Coffee: FREE donut with any large coffee this weekend! Show this text. Reply STOP to opt out,1075.0,313,7894,0.904,0.02,16,0,marketing_legit
m01685,"Hi, I'm a recruiter with a remote part-time role, $250/day, flexible hours. Interested?",11.2,15,27,0.885,0.222,0,1,job_offer
m01686,lol that was so funny,786.5,3,5,0.005,0.608,18,0,personal
m01687,"running late, be there in 19 min",752.6,3,6,0.128,0.832,17,0,personal
m01688,ALERT: Unusual sign-in on your Foothills Credit Union account. Verify immediately at bit.ly/g1fMfH or your account will be suspended.,3.1,284,1860,0.951,0.024,14,1,bank_phish
m01689,Last chance! 30% off at Northern Outfitters ends tonight. Shop northernoutfitters.ca/sale Reply STOP to unsubscribe,1230.4,1711,3175,0.961,0.068,16,0,marketing_legit
m01690,Prairie Parcel: your package was delivered to your front door at 3:45.,1669.9,411,2786,0.854,0.083,14,0,business_notification
m01691,"that's fine, see you Tuesday",379.2,2,3,0.11,0.605,8,0,personal
m01692,yes!! i got the job,265.2,0,5,0.012,0.627,23,0,personal
m01693,lmk if you want shawarma tonight,439.7,4,5,0.005,0.451,19,0,personal
m01694,ok sounds good,2005.7,2,5,0.204,0.408,15,0,personal
m01695,can you grab milk on the way home,495.2,1,4,0.022,0.649,8,0,personal
m01696,"i owe you $14 for the sushi btw, etransferring now",7.5,1,3,0.069,0.661,7,0,personal
m01697,what time is dinner,800.7,1,5,0.132,0.487,8,0,personal
m01698,did you see the game?? we win that one easy,878.7,0,4,0.123,0.626,21,0,personal
m01699,Your Prairie Telecom bill of $32.17 is ready. View at prairietel.ca/bill. Reply STOP to opt out.,1401.4,524,5393,0.952,0.0,10,0,business_notification
m01700,Prairie Parcel: your package is on hold due to unpaid shipping fee ($2.49). Pay now: http://rewards-ca.link/eswoB,0.4,326,222,0.911,0.019,19,1,parcel_fee
m01701,mom says call her,4722.7,2,6,0.123,0.382,12,0,personal
m01702,can you grab milk on the way home,1.3,0,12,0.013,0.433,19,0,personal
m01703,good luck on your exam tmrw!,1800.9,1,6,0.068,0.622,17,0,personal
m01704,Prairie Telecom: Upgrade today and get 2 months free. Details chinookbooks.ca/track Txt STOP to end,1288.1,1237,4681,0.836,0.018,12,0,marketing_legit
m01705,"thanks for today, had a great time",1077.8,2,5,0.014,0.246,21,0,personal
m01706,Hi is this Jordan? We met at the golf club last week,10.6,15,687,0.986,0.087,16,1,wrong_number
m01707,Prairie Telecom: Upgrade today and get 2 months free. Details chinookbooks.ca/track Txt STOP to end,1144.5,345,11591,0.891,0.057,18,0,marketing_legit
m01708,City of Calgary: your recycling pickup moves to Monday this week.,1547.1,660,665,0.935,0.008,9,0,business_notification
m01709,Bow River Dental: reminder of your appointment Monday at 7:00. Reply C to confirm or call 403-555-0142.,983.0,180,3899,0.982,0.044,20,0,business_notification
m01710,ugh the c-train is delayed again,165.4,4,2,0.023,0.745,6,0,personal
m01711,"Government of Canada: you are eligible for a benefit payment of $499.54. Final notice, apply at https://secure-fcu-verify.info/ryw3d",4.2,91,760,0.947,0.023,11,1,tax_refund
m01712,Bow River Dental: reminder of your appointment Thursday at 6:30. Reply C to confirm or call 403-555-0142.,5447.6,279,2020,0.974,0.009,20,0,business_notification
m01713,yes!! i got the job,1766.1,2,5,0.002,0.592,16,0,personal
m01714,Maple Bean Coffee: FREE donut with any large coffee this weekend! Show this text. Reply STOP to opt out,1028.9,500,6126,0.932,0.025,11,0,marketing_legit
m01715,did you see the game?? we win that one easy,1346.4,0,3,0.01,0.352,12,0,personal
m01716,good luck on your exam tmrw!,1086.9,3,5,0.005,0.664,18,0,personal
m01717,hey are you free Wednesday night?,1422.5,3,1,0.045,0.759,9,0,personal
m01718,Your verification code is 669829. Do not share this code with anyone.,621.6,115,13114,0.916,0.009,19,0,business_notification
m01719,We attempted delivery of your parcel. Reschedule and pay the $2.49 fee at bit.ly/554Hpf within 48h.,9.1,18,387,0.906,0.007,8,1,parcel_fee
m01720,Your Prairie Telecom bill of $48.39 is ready. View at chinookbooks.ca/track. Reply STOP to opt out.,2539.6,407,1924,0.804,0.111,10,0,business_notification
m01721,CRA: You have a pending refund of $576.35. Accept your deposit here http://rewards-ca.link/qAGTZ,11.7,41,1118,0.997,0.001,10,1,tax_refund
m01722,"Hello, is this Dr. Sam? I wanted to confirm our meeting Wednesday",5417.5,8,36,0.774,0.106,21,1,wrong_number
m01723,can you grab milk on the way home,340.2,2,2,0.007,0.615,20,0,personal
m01724,We attempted delivery of your parcel. Reschedule and pay the $1.99 fee at https://secure-fcu-verify.info/anx9h within 48h.,1.5,91,939,0.98,0.038,11,1,parcel_fee
m01725,Hi is this Mo? We met at the golf club last week,2.7,9,783,0.983,0.236,18,1,wrong_number
m01726,Your verification code is 801227. Do not share this code with anyone.,1968.0,157,3953,0.683,0.014,10,0,business_notification
m01727,Your order from Chinook Books has shipped. Track: chinookbooks.ca/track,1656.5,245,2676,0.706,0.118,17,0,business_notification
m01728,"winner!! you have been selected to receive a $1,500 gift card. claim now at https://secure-fcu-verify.info/hud9k",4.2,8,1061,0.997,0.03,17,1,prize
m01729,ugh the c-train is delayed again,412.5,3,5,0.031,0.806,10,0,personal
m01730,what time is dinner,3.5,0,5,0.033,0.733,11,0,personal
m01731,"Foothills Credit Union: a purchase of $91.99 was made on your card ending 2602. If this wasn't you, call the number on the back of your card.",797.3,437,5243,0.952,0.081,11,0,business_notification
m01732,"hey its Jess, new number, save this one",968.5,1,4,0.323,0.456,10,0,personal
m01733,lol that was so funny,549.8,0,3,0.051,0.733,17,0,personal
m01734,Last chance! 30% off at Northern Outfitters ends tonight. Shop prairietel.ca/bill Reply STOP to unsubscribe,1146.0,171,4171,0.856,0.011,13,0,marketing_legit
m01735,mom says call her,520.0,1,4,0.043,0.559,20,0,personal
m01736,"hello! we saw your resume online. simple online tasks, earn $450 daily. reply yes to learn more",17.2,13,39,0.986,0.254,7,1,job_offer
m01737,meet at Chinook at 10:15?,1827.1,2,4,0.118,0.374,22,0,personal
m01738,lol that was so funny,5.6,2,4,0.516,0.944,18,0,personal
m01739,are u home? forgot my keys,490.9,3,5,0.13,0.781,22,0,personal
m01740,what time is dinner,772.6,0,6,0.047,0.887,15,0,personal
m01741,City of Calgary: your recycling pickup moves to Sunday this week.,1410.9,885,2353,0.766,0.0,13,0,business_notification
m01742,"free tickets to the flames game from work, want one?",1618.6,0,6,0.02,0.631,20,0,personal
m01743,"hey its Mo, new number, save this one",492.7,0,7,0.175,0.57,17,0,personal
m01744,Hi is this Lena? We met at the golf club last week,0.4,14,83,0.938,0.046,13,1,wrong_number
m01745,You have 1 unclaimed reward from Canadian Rewards Club. Claim within 24hrs: bit.ly/DQFKnd,3.9,84,2000,0.935,0.039,18,1,prize
m01746,mom says call her,8.5,3,7,0.017,0.572,18,0,personal
m01747,mom says call her,1331.5,0,2,0.076,0.619,23,0,personal
m01748,hey are you free Friday night?,1271.5,2,6,0.041,0.763,19,0,personal
m01749,"can't talk rn, in a meeting",7.3,0,3,0.309,0.608,8,0,personal
m01750,are u home? forgot my keys,215.7,0,2,0.072,0.664,19,0,personal
m01751,omw,1688.6,7,5,0.099,0.424,19,0,personal
m01752,"Foothills Credit Union: a purchase of $29.97 was made on your card ending 2813. If this wasn't you, call the number on the back of your card.",1790.8,248,3321,0.813,0.219,16,0,business_notification
m01753,Prairie Telecom: Upgrade today and get 2 months free. Details mplbn.ca/deal Txt STOP to end,865.3,937,938,0.992,0.027,17,0,marketing_legit
m01754,can you grab milk on the way home,413.8,4,2,0.193,0.921,9,0,personal
m01755,"that's fine, see you Saturday",1162.1,2,6,0.176,0.542,18,0,personal
m01756,lol that was so funny,784.3,4,4,0.202,0.514,13,0,personal
m01757,You're invited: Stampede Sports members' night Wednesday. Win prizes & more. Reply STOP to opt out,825.3,461,5700,0.971,0.03,9,0,marketing_legit
m01758,Bow River Dental: reminder of your appointment Tuesday at 6:30. Reply C to confirm or call 403-555-0142.,1671.0,1114,755,0.928,0.002,19,0,business_notification
m01759,"thanks for today, had a great time",511.6,0,4,0.086,0.415,16,0,personal
m01760,"Hi mum, this is my new number, my phone broke. can you text me back here",731.7,5,43,0.51,0.12,12,1,hi_mum
m01761,"free tickets to the flames game from work, want one?",1323.8,2,5,0.044,0.501,10,0,personal
m01762,"Hi mum, this is my new number, my phone broke. can you text me back here",7.7,25,122,0.978,0.036,12,1,hi_mum
m01763,"that's fine, see you Tuesday",232.6,1,2,0.182,0.616,14,0,personal
m01764,are u home? forgot my keys,4474.5,4,2,0.397,0.419,16,0,personal
m01765,Your Interac e-Transfer of $83.96 is pending. Accept deposit: https://secure-fcu-verify.info/wwh0m,6.4,140,772,0.94,0.017,14,1,bank_phish
m01766,We attempted delivery of your parcel. Reschedule and pay the $1.99 fee at https://secure-fcu-verify.info/fm4ez within 48h.,1.8,618,793,0.957,0.035,10,1,parcel_fee
m01767,Bow River Dental: reminder of your appointment Saturday at 3:45. Reply C to confirm or call 403-555-0142.,2057.7,259,1572,0.967,0.003,10,0,business_notification
m01768,mom says call her,2299.0,1,10,0.023,0.67,11,0,personal
m01769,lol that was so funny,847.8,1,6,0.337,0.66,20,0,personal
m01770,here's that video lol vid.example/l6aAU,1204.3,2,9,0.004,0.598,2,0,personal
m01771,Security notice: your card has been locked. Confirm your identity now http://cp-redeliver-kt5b.top/pay,10.5,164,510,0.975,0.04,8,1,bank_phish
m01772,mom says call her,852.5,1,3,0.064,0.553,19,0,personal
m01773,"can't talk rn, in a meeting",993.5,4,6,0.107,0.461,19,0,personal
m01774,You're invited: Stampede Sports members' night Saturday. Win prizes & more. Reply STOP to opt out,2841.5,173,7857,0.889,0.037,12,0,marketing_legit
m01775,did you see the game?? we win that one easy,1681.4,2,9,0.023,0.706,20,0,personal
m01776,ALERT: Unusual sign-in on your Foothills Credit Union account. Verify immediately at https://secure-fcu-verify.info/7ln4v or your account will be suspended.,7.1,27,615,0.986,0.025,18,1,bank_phish
m01777,Your verification code is 411123. Do not share this code with anyone.,2480.1,252,2121,0.821,0.048,10,0,business_notification
m01778,did you remember to pay rent,1184.7,1,6,0.07,0.539,20,0,personal
m01779,Your order from Chinook Books has shipped. Track: chinookbooks.ca/track,1752.5,254,2384,0.834,0.107,20,0,business_notification
m01780,"hey dad its me, new phone. can you do me a favour? need to pay a bill today",1.9,23,181,0.874,0.118,11,1,hi_mum
m01781,what time is dinner,4185.3,0,6,0.23,0.577,15,0,personal
m01782,"thanks for today, had a great time",6.6,0,4,0.086,0.547,18,0,personal
m01783,happy birthday Mo!! have an amazing day,2991.8,0,3,0.513,0.502,13,0,personal
m01784,You're invited: Stampede Sports members' night Monday. Win prizes & more. Reply STOP to opt out,1136.5,559,9310,0.827,0.004,16,0,marketing_legit
m01785,"can't talk rn, in a meeting",1085.3,2,3,0.038,0.234,12,0,personal
m01786,"thanks for today, had a great time",1280.4,1,6,0.203,0.622,19,0,personal
m01787,here's that video lol vid.example/SEkkT,685.7,1,5,0.038,0.421,22,0,personal
m01788,Your order from Chinook Books has shipped. Track: chinookbooks.ca/track,2065.1,265,715,0.932,0.022,20,0,business_notification
m01789,Your verification code is 344143. Do not share this code with anyone.,1681.7,105,3693,0.974,0.15,20,0,business_notification
m01790,lmk if you want pho tonight,816.1,1,4,0.045,0.593,12,0,personal
m01791,are u home? forgot my keys,223.4,0,5,0.136,0.859,12,0,personal
m01792,"WINNER!! You have been selected to receive a $1,500 gift card. Claim now at cra-refund-fw2j.xyz",1.2,10,562,0.918,0.02,14,1,prize
m01793,"hey its Chloe, new number, save this one",799.4,1,5,0.014,0.479,8,0,personal
m01794,"Hello! We saw your resume online. Simple online tasks, earn $300 daily. Reply YES to learn more",4.7,42,45,0.986,0.191,15,1,job_offer
m01795,"can't talk rn, in a meeting",1360.5,0,3,0.05,0.472,12,0,personal
m01796,"can't talk rn, in a meeting",1214.1,0,9,0.027,0.629,19,0,personal
m01797,Your Prairie Telecom bill of $88.01 is ready. View at mplbn.ca/deal. Reply STOP to opt out.,1504.6,172,2518,0.901,0.059,16,0,business_notification
m01798,"free tickets to the flames game from work, want one?",885.8,1,6,0.016,0.755,14,0,personal
m01799,Your order from Chinook Books has shipped. Track: bowriverdental.ca/c,593.5,193,1631,0.988,0.036,18,0,business_notification
m01800,CAN YOU GRAB MILK ON THE WAY HOME,599.5,2,2,0.195,0.667,18,0,personal
m01801,"can't talk rn, in a meeting",2559.5,2,5,0.258,0.366,20,0,personal
m01802,"that's fine, see you Tuesday",745.9,3,12,0.022,0.744,12,0,personal
m01803,Your verification code is 220068. Do not share this code with anyone.,1155.1,199,1984,0.965,0.12,20,0,business_notification
m01804,did you remember to pay rent,523.3,2,3,0.061,0.661,14,0,personal
m01805,"hey dad its me, new phone. can you do me a favour? need to pay a bill today",258.8,24,188,0.93,0.38,17,1,hi_mum
m01806,"running late, be there in 14 min",2586.6,0,6,0.164,0.59,21,0,personal
m01807,"running late, be there in 17 min",103.5,0,6,0.031,0.603,11,0,personal
m01808,lmk if you want shawarma tonight,151.0,2,8,0.212,0.606,19,0,personal
m01809,are u home? forgot my keys,780.7,3,1,0.108,0.555,17,0,personal
m01810,ugh the c-train is delayed again,3615.3,1,4,0.085,0.582,16,0,personal
m01811,"can't talk rn, in a meeting",1416.3,2,3,0.293,0.651,12,0,personal
m01812,CRA: You have a pending refund of $713.17. Accept your deposit here https://secure-fcu-verify.info/dtj2g,1631.0,9,44,0.607,0.088,13,1,tax_refund
m01813,happy birthday Kai!! have an amazing day,1402.8,1,6,0.088,0.536,19,0,personal
m01814,omw,1863.4,3,4,0.212,0.513,20,0,personal
m01815,omw,690.3,3,4,0.049,0.569,15,0,personal
m01816,Your Prairie Telecom bill of $18.73 is ready. View at mplbn.ca/deal. Reply STOP to opt out.,2525.7,472,1368,0.912,0.06,16,0,business_notification
m01817,"that's fine, see you Friday",597.7,3,4,0.109,0.373,20,0,personal
m01818,"can't talk rn, in a meeting",251.7,2,6,0.029,0.708,23,0,personal
m01819,did you see the game?? we win that one easy,723.9,3,5,0.096,0.459,8,0,personal
m01820,"hey its Jess, new number, save this one",1938.3,2,4,0.082,0.457,22,0,personal
m01821,ok sounds good,270.2,2,7,0.128,0.738,18,0,personal
m01822,"thanks for today, had a great time",1866.9,0,8,0.163,0.8,18,0,personal
m01823,Bow River Dental: reminder of your appointment Saturday at 3:45. Reply C to confirm or call 403-555-0142.,659.2,97,4035,0.708,0.072,16,0,business_notification
m01824,yes!! i got the job,398.9,1,7,0.068,0.493,22,0,personal
m01825,City of Calgary: your recycling pickup moves to Thursday this week.,1140.4,230,3818,0.905,0.053,13,0,business_notification
m01826,"can't talk rn, in a meeting",1254.3,2,5,0.064,0.528,17,0,personal
m01827,did you remember to pay rent,1044.8,3,3,0.331,0.904,7,0,personal
m01828,happy birthday Jordan!! have an amazing day,771.6,5,5,0.223,0.515,19,0,personal
m01829,can you grab milk on the way home,1902.3,0,3,0.084,0.8,14,0,personal
m01830,Prairie Telecom: Upgrade today and get 2 months free. Details northernoutfitters.ca/sale Txt STOP to end,361.7,228,8187,0.909,0.142,16,0,marketing_legit
m01831,Prairie Parcel: your package is on hold due to unpaid shipping fee ($1.99). Pay now: http://rewards-ca.link/wqiXz,534.3,10,46,0.684,0.002,18,1,parcel_fee
m01832,City of Calgary: your recycling pickup moves to Friday this week.,1155.1,937,3855,0.954,0.002,17,0,business_notification
m01833,"can't talk rn, in a meeting",134.3,2,5,0.232,0.598,12,0,personal
m01834,"running late, be there in 21 min",1695.3,1,1,0.025,0.49,20,0,personal
m01835,GOOD LUCK ON YOUR EXAM TMRW!,1263.9,1,6,0.028,0.597,21,0,personal
m01836,lol that was so funny,2295.7,1,6,0.011,0.667,17,0,personal
m01837,"Hi it's Jordan, lost my phone. Can you send me $100 by etransfer, I'll pay you back tomorrow",1217.6,10,44,0.591,0.125,20,1,hi_mum
m01838,"hey its Sam, new number, save this one",2287.9,0,3,0.047,0.334,11,0,personal
m01839,You're invited: Stampede Sports members' night Tuesday. Win prizes & more. Reply STOP to opt out,1268.9,608,4704,0.849,0.0,17,0,marketing_legit
m01840,"that's fine, see you Friday",1849.6,2,4,0.029,0.515,18,0,personal
m01841,mom says call her,3885.6,3,4,0.007,0.442,10,0,personal
m01842,Last chance! 30% off at Northern Outfitters ends tonight. Shop mplbn.ca/deal Reply STOP to unsubscribe,1112.7,244,3656,0.925,0.045,13,0,marketing_legit
m01843,"running late, be there in 10 min",1084.4,1,5,0.07,0.398,8,0,personal
m01844,did you remember to pay rent,580.5,1,4,0.121,0.493,20,0,personal
m01845,Your order from Chinook Books has shipped. Track: chinookbooks.ca/track,1377.1,240,1238,0.996,0.079,19,0,business_notification
m01846,good luck on your exam tmrw!,669.8,1,3,0.28,0.703,10,0,personal
m01847,"hey dad its me, new phone. can you do me a favour? need to pay a bill today",62.2,8,45,0.868,0.395,13,1,hi_mum
m01848,Bow River Dental: reminder of your appointment Tuesday at 6:30. Reply C to confirm or call 403-555-0142.,1671.8,371,1747,0.927,0.011,10,0,business_notification
m01849,"hey its Sam, new number, save this one",2.2,2,3,0.001,0.709,18,0,personal
m01850,Your Prairie Telecom bill of $22.78 is ready. View at northernoutfitters.ca/sale. Reply STOP to opt out.,1550.7,423,6665,0.759,0.045,11,0,business_notification
m01851,here's that video lol vid.example/Cj1mg,2648.4,1,7,0.12,0.353,18,0,personal
m01852,did you remember to pay rent,14.6,1,4,0.086,0.394,21,0,personal
m01853,Your order from Chinook Books has shipped. Track: chinookbooks.ca/track,1989.4,143,540,0.856,0.043,8,0,business_notification
m01854,happy birthday Priya!! have an amazing day,3062.6,1,6,0.216,0.482,22,0,personal
m01855,City of Calgary: your recycling pickup moves to Saturday this week.,994.3,137,613,0.87,0.004,8,0,business_notification
m01856,did you see the game?? we win that one easy,3.4,2,5,0.074,0.331,22,0,personal
m01857,mom says call her,1459.0,3,3,0.036,0.943,21,0,personal
m01858,ugh the c-train is delayed again,709.0,0,8,0.28,0.316,19,0,personal
m01859,"Foothills Credit Union: a purchase of $67.01 was made on your card ending 6429. If this wasn't you, call the number on the back of your card.",1844.1,357,5583,0.969,0.027,18,0,business_notification
m01860,"i owe you $31 for the pho btw, etransferring now",274.3,0,6,0.086,0.597,18,0,personal
m01861,"thanks for today, had a great time",648.6,1,5,0.066,0.868,16,0,personal
m01862,"Foothills Credit Union: a purchase of $68.48 was made on your card ending 7570. If this wasn't you, call the number on the back of your card.",2161.7,588,9896,0.983,0.037,13,0,business_notification
m01863,yes!! i got the job,813.0,1,6,0.041,0.661,8,0,personal
m01864,Prairie Parcel: your package is on hold due to unpaid shipping fee ($3.15). Pay now: bit.ly/eZLYYQ,1042.6,5,40,0.298,0.017,19,1,parcel_fee
m01865,Prairie Telecom: Upgrade today and get 2 months free. Details prairietel.ca/bill Txt STOP to end,1255.4,1076,4658,0.915,0.082,15,0,marketing_legit
m01866,City of Calgary: your recycling pickup moves to Monday this week.,1484.6,265,2171,0.853,0.091,20,0,business_notification
m01867,good luck on your exam tmrw!,1586.5,5,5,0.113,0.803,19,0,personal
m01868,omw,213.1,2,3,0.066,0.555,20,0,personal
m01869,WHAT TIME IS DINNER,687.4,2,5,0.124,0.526,20,0,personal
m01870,are u home? forgot my keys,2524.1,2,4,0.163,0.606,10,0,personal
m01871,"that's fine, see you Tuesday",480.4,0,5,0.227,0.47,21,0,personal
m01872,here's that video lol vid.example/x6KmX,5161.4,2,5,0.086,0.695,20,0,personal
m01873,ugh the c-train is delayed again,125.3,3,4,0.085,0.471,7,0,personal
m01874,"Hi it's Alex, lost my phone. Can you send me $450 by etransfer, I'll pay you back tomorrow",15.6,16,284,0.907,0.32,21,1,hi_mum
m01875,what time is dinner,517.4,1,5,0.022,0.917,21,0,personal
m01876,we attempted delivery of your parcel. reschedule and pay the $1.99 fee at bit.ly/aymrep within 48h.,6.0,64,397,0.996,0.013,14,1,parcel_fee
m01877,omw,439.2,1,5,0.012,0.825,13,0,personal
m01878,what time is dinner,769.6,4,3,0.094,0.673,11,0,personal
m01879,"hey its Lena, new number, save this one",5808.2,2,5,0.006,0.611,16,0,personal
m01880,City of Calgary: your recycling pickup moves to Monday this week.,811.3,274,3969,0.694,0.133,12,0,business_notification
m01881,"running late, be there in 16 min",1283.6,2,5,0.481,0.706,13,0,personal
m01882,"Foothills Credit Union: a purchase of $31.53 was made on your card ending 6078. If this wasn't you, call the number on the back of your card.",1389.7,254,1564,0.987,0.008,9,0,business_notification
m01883,Last chance! 30% off at Northern Outfitters ends tonight. Shop prairietel.ca/bill Reply STOP to unsubscribe,1140.3,580,7441,0.972,0.106,15,0,marketing_legit
m01884,did you remember to pay rent,836.7,2,8,0.021,0.646,7,0,personal
m01885,"thanks for today, had a great time",3857.1,0,4,0.129,0.511,18,0,personal
m01886,ugh the c-train is delayed again,993.3,1,6,0.071,0.495,18,0,personal
m01887,Prairie Parcel: your package was delivered to your front door at 2:00.,741.9,286,1561,0.961,0.008,19,0,business_notification
m01888,"Foothills Credit Union: a purchase of $40.32 was made on your card ending 7893. If this wasn't you, call the number on the back of your card.",1127.9,1267,1725,0.93,0.082,19,0,business_notification
m01889,"hey its Lena, new number, save this one",745.1,2,5,0.029,0.699,10,0,personal
m01890,ok sounds good,277.8,2,4,0.163,0.598,20,0,personal
m01891,did you see the game?? we win that one easy,1302.2,1,5,0.121,0.643,22,0,personal
m01892,"i owe you $32 for the sushi btw, etransferring now",1203.3,1,8,0.014,0.223,7,0,personal
m01893,City of Calgary: your recycling pickup moves to Friday this week.,1016.0,959,4023,0.823,0.006,15,0,business_notification
m01894,hi is this kai? we met at the golf club last week,5.2,1,84,0.95,0.115,14,1,wrong_number
m01895,Your Prairie Telecom bill of $14.07 is ready. View at chinookbooks.ca/track. Reply STOP to opt out.,791.7,203,4180,0.911,0.02,19,0,business_notification
m01896,did you see the game?? we win that one easy,10.6,1,2,0.031,0.563,14,0,personal
m01897,did you remember to pay rent,311.4,3,7,0.07,0.478,19,0,personal
m01898,"hey dad its me, new phone. can you do me a favour? need to pay a bill today",3.7,19,131,0.935,0.318,16,1,hi_mum
m01899,"can't talk rn, in a meeting",1003.5,0,2,0.285,0.55,21,0,personal
m01900,here's that video lol vid.example/p3z20,2.9,3,4,0.091,0.628,12,0,personal
m01901,MEET AT KENSINGTON AT 3:45?,1677.2,0,2,0.041,0.635,17,0,personal
m01902,"i owe you $42 for the shawarma btw, etransferring now",1552.8,1,2,0.177,0.456,21,0,personal
m01903,lol that was so funny,1879.0,0,8,0.087,0.543,19,0,personal
m01904,can you grab milk on the way home,1384.7,2,6,0.138,0.799,17,0,personal
m01905,"hey dad its me, new phone. can you do me a favour? need to pay a bill today",19.4,5,151,0.998,0.008,9,1,hi_mum
m01906,Your verification code is 377415. Do not share this code with anyone.,511.9,479,1886,0.907,0.045,12,0,business_notification
m01907,happy birthday Lena!! have an amazing day,9.3,1,4,0.021,0.441,21,0,personal
m01908,City of Calgary: your recycling pickup moves to Friday this week.,3848.1,140,1443,0.855,0.072,20,0,business_notification
m01909,Your Prairie Telecom bill of $46.92 is ready. View at northernoutfitters.ca/sale. Reply STOP to opt out.,1236.4,194,2911,0.955,0.036,20,0,business_notification
m01910,Prairie Parcel: your package was delivered to your front door at 10:15.,891.5,479,1595,0.955,0.08,15,0,business_notification
m01911,"i owe you $69 for the pizza btw, etransferring now",1587.5,3,5,0.048,0.714,18,0,personal
m01912,Last chance! 30% off at Northern Outfitters ends tonight. Shop bowriverdental.ca/c Reply STOP to unsubscribe,721.9,432,7439,0.992,0.044,17,0,marketing_legit
m01913,Maple Bean Coffee: FREE donut with any large coffee this weekend! Show this text. Reply STOP to opt out,2019.0,171,11057,0.687,0.052,12,0,marketing_legit
m01914,did you see the game?? we win that one easy,1288.9,3,4,0.033,0.613,18,0,personal
m01915,CAN YOU GRAB MILK ON THE WAY HOME,561.1,1,4,0.206,0.51,16,0,personal
m01916,"can't talk rn, in a meeting",1091.1,3,5,0.042,0.561,10,0,personal
m01917,City of Calgary: your recycling pickup moves to Friday this week.,2195.3,459,956,0.924,0.104,13,0,business_notification
m01918,hey are you free Friday night?,3.4,1,2,0.005,0.503,17,0,personal
m01919,Your order from Chinook Books has shipped. Track: mplbn.ca/deal,973.0,91,1812,0.798,0.032,17,0,business_notification
m01920,"can't talk rn, in a meeting",829.1,1,5,0.014,0.777,22,0,personal
m01921,"hello! we saw your resume online. simple online tasks, earn $250 daily. reply yes to learn more",117.4,10,243,0.976,0.17,11,1,job_offer
m01922,Prairie Telecom: Upgrade today and get 2 months free. Details bowriverdental.ca/c Txt STOP to end,556.1,1090,2621,0.993,0.019,15,0,marketing_legit
m01923,Bow River Dental: reminder of your appointment Thursday at 10:15. Reply C to confirm or call 403-555-0142.,975.4,318,973,0.835,0.072,16,0,business_notification
m01924,Security notice: your card has been locked. Confirm your identity now bit.ly/c4RN5C,2.6,32,663,0.976,0.018,17,1,bank_phish
m01925,"call me when you can, kinda urgent, it's about the car",3798.3,1,2,0.329,0.513,16,0,personal
m01926,"Hi, I'm a recruiter with a remote part-time role, $250/day, flexible hours. Interested?",2.0,17,606,0.986,0.121,17,1,job_offer
m01927,"hey dad its me, new phone. can you do me a favour? need to pay a bill today",2.3,15,93,0.978,0.131,10,1,hi_mum
m01928,what time is dinner,648.5,0,4,0.206,0.591,7,0,personal
m01929,"free tickets to the flames game from work, want one?",381.3,4,6,0.13,0.745,22,0,personal
m01930,WINNER!! You have been selected to receive a $500 gift card. Claim now at http://rewards-ca.link/VDGYt,0.5,46,1838,0.982,0.05,8,1,prize
m01931,"hey its Omar, new number, save this one",2196.4,4,5,0.211,0.765,19,0,personal
m01932,we attempted delivery of your parcel. reschedule and pay the $1.99 fee at cra-refund-fomu.xyz within 48h.,1.3,53,742,1.0,0.019,3,1,parcel_fee
m01933,omw,635.2,1,3,0.417,0.405,18,0,personal
m01934,good luck on your exam tmrw!,556.9,4,3,0.071,0.557,16,0,personal
m01935,Your order from Chinook Books has shipped. Track: chinookbooks.ca/track,2748.7,282,790,0.924,0.11,11,0,business_notification
m01936,"Foothills Credit Union: a purchase of $40.98 was made on your card ending 3914. If this wasn't you, call the number on the back of your card.",1402.4,809,627,0.931,0.04,11,0,business_notification
m01937,lmk if you want ramen tonight,1984.9,3,3,0.159,0.672,20,0,personal
m01938,"free tickets to the flames game from work, want one?",3809.9,0,5,0.19,0.797,17,0,personal
m01939,"winner!! you have been selected to receive a $1,000 gift card. claim now at http://rewards-ca.link/y99ly",874.4,8,47,0.341,0.021,10,1,prize
m01940,are u home? forgot my keys,1234.7,0,6,0.027,0.763,15,0,personal
m01941,"HEY ITS LENA, NEW NUMBER, SAVE THIS ONE",578.0,3,4,0.026,0.73,15,0,personal
m01942,yes!! i got the job,227.1,2,7,0.296,0.473,9,0,personal
m01943,Prairie Parcel: your package is on hold due to unpaid shipping fee ($3.15). Pay now: http://cp-redeliver-c7k1.top/pay,5.4,14,3845,0.983,0.008,10,1,parcel_fee
m01944,"hey its Mo, new number, save this one",580.8,1,4,0.08,0.64,19,0,personal
m01945,"Hello! We saw your resume online. Simple online tasks, earn $250 daily. Reply YES to learn more",7.5,5,153,0.989,0.138,10,1,job_offer
m01946,"sorry, who is this? your number was in my contacts",20.8,30,240,0.904,0.151,11,1,wrong_number
m01947,good luck on your exam tmrw!,805.9,0,3,0.015,0.629,21,0,personal
m01948,good luck on your exam tmrw!,3922.0,2,6,0.27,0.693,16,0,personal
m01949,"hey its Kai, new number, save this one",601.4,2,6,0.005,0.42,16,0,personal
m01950,yes!! i got the job,386.2,4,4,0.021,0.473,10,0,personal
m01951,hey are you free Thursday night?,1460.5,3,3,0.013,0.715,17,0,personal
m01952,did you remember to pay rent,1423.1,0,5,0.056,0.742,21,0,personal
m01953,lol that was so funny,728.3,0,3,0.102,0.496,0,0,personal
m01954,"hey its Lena, new number, save this one",190.4,1,6,0.013,0.649,13,0,personal
m01955,yes!! i got the job,1334.8,1,5,0.088,0.563,21,0,personal
m01956,City of Calgary: your recycling pickup moves to Monday this week.,1715.8,225,1609,0.954,0.163,18,0,business_notification
m01957,hey are you free Thursday night?,4.3,0,6,0.054,0.731,11,0,personal
m01958,"Foothills Credit Union: a purchase of $92.38 was made on your card ending 8409. If this wasn't you, call the number on the back of your card.",2025.9,420,832,0.975,0.029,19,0,business_notification
m01959,did you see the game?? we win that one easy,648.0,0,3,0.012,0.435,16,0,personal
m01960,hey are you free Wednesday night?,2168.3,1,4,0.104,0.583,9,0,personal
m01961,here's that video lol vid.example/DzrMK,402.4,0,4,0.307,0.511,15,0,personal
m01962,"can't talk rn, in a meeting",2720.7,0,1,0.069,0.364,16,0,personal
m01963,ok sounds good,359.3,2,7,0.045,0.467,10,0,personal
m01964,"free tickets to the flames game from work, want one?",1091.4,1,4,0.184,0.594,16,0,personal
m01965,can you grab milk on the way home,241.9,1,4,0.061,0.641,17,0,personal
m01966,ALERT: Unusual sign-in on your Foothills Credit Union account. Verify immediately at bit.ly/iayiqD or your account will be suspended.,4564.0,11,43,0.171,0.048,8,1,bank_phish
m01967,"hey its Kai, new number, save this one",599.0,2,3,0.014,0.42,18,0,personal
m01968,Security notice: your card has been locked. Confirm your identity now bit.ly/0sBqIu,4.2,91,1047,0.949,0.012,6,1,bank_phish
m01969,You have 1 unclaimed reward from Canadian Rewards Club. Claim within 24hrs: cra-refund-xyus.xyz,8.8,67,180,0.977,0.015,9,1,prize
m01970,"that's fine, see you Friday",417.0,0,5,0.254,0.621,10,0,personal
m01971,lol that was so funny,818.7,4,2,0.161,0.748,22,0,personal
m01972,here's that video lol vid.example/ztlpq,331.4,1,1,0.011,0.581,16,0,personal
m01973,"hey dad its me, new phone. can you do me a favour? need to pay a bill today",17.4,21,47,0.901,0.071,8,1,hi_mum
m01974,Prairie Parcel: your package was delivered to your front door at 6:30.,2557.3,332,1569,0.871,0.023,12,0,business_notification
m01975,what time is dinner,1483.8,2,7,0.122,0.884,18,0,personal
m01976,City of Calgary: your recycling pickup moves to Sunday this week.,648.6,271,3632,0.989,0.061,19,0,business_notification
m01977,City of Calgary: your recycling pickup moves to Monday this week.,2415.5,259,1463,0.971,0.019,9,0,business_notification
m01978,Your verification code is 329375. Do not share this code with anyone.,932.3,112,1798,0.928,0.13,18,0,business_notification
m01979,meet at Kensington at 10:15?,1291.8,3,8,0.046,0.634,17,0,personal
m01980,good luck on your exam tmrw!,743.2,0,7,0.204,0.493,16,0,personal
m01981,here's that video lol vid.example/ghuEa,2600.7,1,4,0.021,0.723,17,0,personal
m01982,lmk if you want pho tonight,429.4,1,11,0.033,0.442,8,0,personal
m01983,Maple Bean Coffee: FREE donut with any large coffee this weekend! Show this text. Reply STOP to opt out,1737.4,510,12259,0.999,0.003,16,0,marketing_legit
m01984,"Hi mum, this is my new number, my phone broke. can you text me back here",9.0,4,176,0.865,0.033,15,1,hi_mum
m01985,DID YOU SEE THE GAME?? WE WIN THAT ONE EASY,1303.3,1,6,0.042,0.719,23,0,personal
m01986,"can't talk rn, in a meeting",1258.3,1,4,0.018,0.345,8,0,personal
m01987,did you remember to pay rent,8.6,1,5,0.007,0.417,8,0,personal
m01988,"that's fine, see you Monday",382.6,0,3,0.022,0.619,13,0,personal
m01989,"hey its Priya, new number, save this one",278.7,2,5,0.292,0.467,14,0,personal
m01990,here's that video lol vid.example/vIKK5,4097.0,3,6,0.131,0.583,9,0,personal
m01991,ugh the c-train is delayed again,668.1,0,3,0.151,0.312,18,0,personal
m01992,did you remember to pay rent,2026.6,2,4,0.056,0.531,8,0,personal
m01993,lol that was so funny,1564.8,0,4,0.096,0.845,19,0,personal
m01994,Your order from Chinook Books has shipped. Track: chinookbooks.ca/track,1772.3,442,5169,0.809,0.007,11,0,business_notification
m01995,are u home? forgot my keys,5.5,4,4,0.188,0.684,13,0,personal
m01996,lol that was so funny,769.2,1,8,0.049,0.678,14,0,personal
m01997,meet at the Superstore at 2:00?,1175.5,2,6,0.107,0.557,23,0,personal
m01998,omw,690.7,1,4,0.027,0.653,18,0,personal
m01999,"hey its Jess, new number, save this one",2767.0,1,7,0.082,0.521,15,0,personal
m02000,here's that video lol vid.example/1FB7k,1602.5,4,7,0.104,0.543,19,0,personal
m02001,"thanks for today, had a great time",3.7,0,4,0.022,0.774,11,0,personal
m02002,"that's fine, see you Friday",430.8,1,6,0.023,0.732,8,0,personal
m02003,"can't talk rn, in a meeting",651.4,0,6,0.108,0.699,9,0,personal
m02004,Prairie Parcel: your package was delivered to your front door at 7:00.,623.9,362,660,0.911,0.072,16,0,business_notification
m02005,"running late, be there in 18 min",863.8,2,7,0.116,0.592,12,0,personal
m02006,Your Prairie Telecom bill of $40.47 is ready. View at mplbn.ca/deal. Reply STOP to opt out.,1797.4,102,830,0.788,0.029,15,0,business_notification
m02007,"call me when you can, kinda urgent, it's about the car",1667.4,2,3,0.498,0.748,13,0,personal
m02008,mom says call her,394.8,1,4,0.264,0.559,21,0,personal
m02009,omw,741.5,1,5,0.026,0.756,8,0,personal
m02010,"that's fine, see you Thursday",1151.4,1,5,0.075,0.701,11,0,personal
m02011,"thanks for today, had a great time",988.4,0,6,0.14,0.749,20,0,personal
m02012,"free tickets to the flames game from work, want one?",598.6,0,5,0.082,0.498,10,0,personal
m02013,Your order from Chinook Books has shipped. Track: bowriverdental.ca/c,732.7,371,3129,0.96,0.006,10,0,business_notification
m02014,"hey dad its me, new phone. can you do me a favour? need to pay a bill today",26.1,7,1375,0.945,0.249,2,1,hi_mum
m02015,good luck on your exam tmrw!,763.9,1,4,0.147,0.526,15,0,personal
m02016,ok sounds good,7.0,3,4,0.026,0.694,11,0,personal
m02017,Maple Bean Coffee: FREE donut with any large coffee this weekend! Show this text. Reply STOP to opt out,1391.1,534,6512,0.951,0.033,17,0,marketing_legit
m02018,happy birthday Kai!! have an amazing day,477.4,0,6,0.099,0.513,17,0,personal
m02019,did you remember to pay rent,654.5,2,3,0.005,0.751,9,0,personal
m02020,City of Calgary: your recycling pickup moves to Tuesday this week.,2308.1,338,2319,0.748,0.017,16,0,business_notification
m02021,Congratulations! Your number won our monthly draw. Call 1-900-555-2772 to claim your CASH prize before midnight!,7.5,226,2182,0.956,0.027,19,1,prize
m02022,prairie parcel: your package is on hold due to unpaid shipping fee ($3.15). pay now: http://rewards-ca.link/xd9xd,0.9,56,325,0.906,0.005,22,1,parcel_fee
m02023,"Foothills Credit Union: a purchase of $92.55 was made on your card ending 7038. If this wasn't you, call the number on the back of your card.",3017.4,88,1693,0.955,0.023,12,0,business_notification
m02024,omw,888.5,0,5,0.182,0.386,10,0,personal
m02025,mom says call her,730.5,2,5,0.14,0.775,8,0,personal
m02026,happy birthday Sam!! have an amazing day,598.6,2,3,0.145,0.701,16,0,personal
m02027,good luck on your exam tmrw!,5484.4,1,4,0.039,0.709,19,0,personal
m02028,City of Calgary: your recycling pickup moves to Thursday this week.,1453.6,319,2004,0.941,0.141,8,0,business_notification
m02029,Your verification code is 953560. Do not share this code with anyone.,4614.8,238,3469,0.926,0.002,16,0,business_notification
m02030,"free tickets to the flames game from work, want one?",394.0,1,7,0.069,0.446,14,0,personal
m02031,"THANKS FOR TODAY, HAD A GREAT TIME",4.8,3,3,0.295,0.446,12,0,personal
m02032,good luck on your exam tmrw!,688.5,1,3,0.086,0.756,9,0,personal
m02033,can you grab milk on the way home,608.2,0,6,0.026,0.516,21,0,personal
m02034,yes!! i got the job,3092.7,1,2,0.065,0.685,17,0,personal
m02035,here's that video lol vid.example/36AvW,947.8,2,3,0.062,0.776,17,0,personal
m02036,here's that video lol vid.example/GNbUL,1174.1,0,2,0.106,0.809,18,0,personal
m02037,good luck on your exam tmrw!,23.0,2,9,0.002,0.846,18,0,personal
m02038,hey are you free Saturday night?,945.3,1,5,0.007,0.496,6,0,personal
m02039,"i owe you $37 for the pizza btw, etransferring now",463.2,0,6,0.073,0.599,18,0,personal
m02040,ugh the c-train is delayed again,1053.5,3,3,0.037,0.463,10,0,personal
m02041,"thanks for today, had a great time",1158.3,0,5,0.028,0.742,18,0,personal
m02042,lol that was so funny,701.1,3,4,0.081,0.685,16,0,personal
m02043,Prairie Parcel: your package is on hold due to unpaid shipping fee ($3.15). Pay now: http://cp-redeliver-q1ae.top/pay,3.7,155,130,0.877,0.006,4,1,parcel_fee
m02044,Bow River Dental: reminder of your appointment Tuesday at 9:30. Reply C to confirm or call 403-555-0142.,1359.8,147,1449,0.787,0.055,16,0,business_notification
m02045,lol that was so funny,220.7,0,2,0.017,0.34,11,0,personal
m02046,Your verification code is 304959. Do not share this code with anyone.,1824.3,373,3002,0.956,0.155,14,0,business_notification
m02047,did you remember to pay rent,1366.0,1,5,0.01,0.514,13,0,personal
m02048,"can't talk rn, in a meeting",426.9,2,5,0.301,0.497,21,0,personal
m02049,lol that was so funny,147.0,1,8,0.076,0.771,18,0,personal
m02050,Prairie Parcel: your package is on hold due to unpaid shipping fee ($1.99). Pay now: http://rewards-ca.link/xFLso,1.5,86,2703,0.92,0.01,12,1,parcel_fee
m02051,"running late, be there in 17 min",2633.0,4,5,0.125,0.716,18,0,personal
m02052,Your verification code is 262874. Do not share this code with anyone.,6999.0,285,5925,0.792,0.035,10,0,business_notification
m02053,Your verification code is 331052. Do not share this code with anyone.,2721.7,196,4953,0.856,0.319,10,0,business_notification
m02054,Your order from Chinook Books has shipped. Track: northernoutfitters.ca/sale,1120.8,474,5867,0.807,0.067,17,0,business_notification
m02055,lmk if you want sushi tonight,1139.3,1,7,0.086,0.561,11,0,personal
m02056,did you remember to pay rent,758.9,0,8,0.004,0.634,20,0,personal
m02057,good luck on your exam tmrw!,2380.4,1,3,0.116,0.507,17,0,personal
m02058,Prairie Parcel: your package is on hold due to unpaid shipping fee ($1.99). Pay now: http://rewards-ca.link/ln1a9,2.1,137,901,0.96,0.029,18,1,parcel_fee
m02059,"call me when you can, kinda urgent, it's about the car",1236.6,5,5,0.052,0.664,12,0,personal
m02060,"THAT'S FINE, SEE YOU WEDNESDAY",1418.9,0,4,0.132,0.663,11,0,personal
m02061,mom says call her,583.4,1,4,0.214,0.678,22,0,personal
m02062,"Hello! We saw your resume online. Simple online tasks, earn $300 daily. Reply YES to learn more",5.6,9,613,0.999,0.161,9,1,job_offer
m02063,are u home? forgot my keys,2104.1,0,5,0.262,0.753,21,0,personal
m02064,"Foothills Credit Union: a purchase of $51.25 was made on your card ending 1638. If this wasn't you, call the number on the back of your card.",769.5,105,1914,0.938,0.107,19,0,business_notification
m02065,did you remember to pay rent,1004.7,2,4,0.058,0.681,18,0,personal
m02066,"government of canada: you are eligible for a benefit payment of $674.72. final notice, apply at http://rewards-ca.link/ahzon",8.0,116,1546,0.975,0.029,14,1,tax_refund
m02067,lmk if you want shawarma tonight,1280.4,3,5,0.035,0.721,20,0,personal
m02068,"Foothills Credit Union: a purchase of $44.65 was made on your card ending 3234. If this wasn't you, call the number on the back of your card.",1826.1,397,13481,0.858,0.066,12,0,business_notification
m02069,did you remember to pay rent,814.0,2,7,0.078,0.547,19,0,personal
m02070,You're invited: Stampede Sports members' night Tuesday. Win prizes & more. Reply STOP to opt out,1607.4,927,5147,0.892,0.072,16,0,marketing_legit
m02071,Last chance! 30% off at Northern Outfitters ends tonight. Shop northernoutfitters.ca/sale Reply STOP to unsubscribe,355.8,545,6693,0.907,0.046,17,0,marketing_legit
m02072,ok sounds good,785.7,4,6,0.032,0.603,19,0,personal
m02073,good luck on your exam tmrw!,17.2,0,6,0.085,0.412,13,0,personal
m02074,Bow River Dental: reminder of your appointment Tuesday at 10:15. Reply C to confirm or call 403-555-0142.,2174.5,654,3523,0.945,0.046,9,0,business_notification
m02075,"Foothills Credit Union: a purchase of $16.65 was made on your card ending 8642. If this wasn't you, call the number on the back of your card.",1003.3,164,2123,0.889,0.064,16,0,business_notification
m02076,"call me when you can, kinda urgent, it's about the car",1030.6,2,4,0.083,0.736,17,0,personal
m02077,OMW,2348.7,1,8,0.266,0.916,12,0,personal
m02078,"hi, i'm a recruiter with a remote part-time role, $250/day, flexible hours. interested?",27.6,10,195,0.804,0.085,8,1,job_offer
m02079,"Foothills Credit Union: a purchase of $59.26 was made on your card ending 3982. If this wasn't you, call the number on the back of your card.",1697.0,899,2718,0.881,0.001,12,0,business_notification
m02080,"that's fine, see you Monday",1003.8,1,6,0.057,0.569,12,0,personal
m02081,Your verification code is 689949. Do not share this code with anyone.,1592.3,153,948,0.9,0.018,13,0,business_notification
m02082,Your Prairie Telecom bill of $41.30 is ready. View at prairietel.ca/bill. Reply STOP to opt out.,733.4,228,3320,0.998,0.031,11,0,business_notification
m02083,"Foothills Credit Union: a purchase of $75.71 was made on your card ending 8763. If this wasn't you, call the number on the back of your card.",757.8,154,1661,0.862,0.001,10,0,business_notification
m02084,"i owe you $40 for the shawarma btw, etransferring now",1215.7,1,3,0.258,0.768,15,0,personal
m02085,"hey its Ravi, new number, save this one",354.6,2,3,0.076,0.631,21,0,personal
m02086,Your verification code is 296105. Do not share this code with anyone.,1545.7,247,3734,0.808,0.024,18,0,business_notification
m02087,can you grab milk on the way home,1208.8,2,5,0.102,0.474,16,0,personal
m02088,Your verification code is 534423. Do not share this code with anyone.,2835.7,785,3375,0.983,0.048,15,0,business_notification
m02089,Prairie Parcel: your package was delivered to your front door at 7:00.,607.2,849,1622,0.997,0.031,19,0,business_notification
m02090,Hi is this Lena? We met at the golf club last week,7.2,8,51,0.918,0.094,20,1,wrong_number
m02091,"hi it's ravi, lost my phone. can you send me $100 by etransfer, i'll pay you back tomorrow",6.9,28,168,0.995,0.181,17,1,hi_mum
m02092,happy birthday Jordan!! have an amazing day,665.6,2,11,0.109,0.646,8,0,personal
m02093,happy birthday Maya!! have an amazing day,839.9,6,9,0.034,0.44,18,0,personal
m02094,Your Interac e-Transfer of $87.83 is pending. Accept deposit: cra-refund-wnj4.xyz,1.8,15,1593,0.991,0.004,16,1,bank_phish
m02095,here's that video lol vid.example/naur7,1287.8,0,4,0.334,0.557,20,0,personal
m02096,City of Calgary: your recycling pickup moves to Saturday this week.,856.0,325,3994,0.958,0.006,15,0,business_notification
m02097,did you remember to pay rent,550.5,0,10,0.067,0.835,18,0,personal
m02098,"can't talk rn, in a meeting",375.2,1,5,0.035,0.784,22,0,personal
m02099,"Foothills Credit Union: a purchase of $43.12 was made on your card ending 4174. If this wasn't you, call the number on the back of your card.",1575.8,318,1844,0.954,0.006,15,0,business_notification
m02100,"Foothills Credit Union: a purchase of $29.16 was made on your card ending 3202. If this wasn't you, call the number on the back of your card.",2299.7,333,1992,0.982,0.132,13,0,business_notification
m02101,omw,1321.7,2,3,0.035,0.817,20,0,personal
m02102,"running late, be there in 16 min",416.0,1,6,0.142,0.323,13,0,personal
m02103,"thanks for today, had a great time",1359.9,0,3,0.048,0.746,21,0,personal
m02104,ok sounds good,1434.7,2,2,0.001,0.242,10,0,personal
m02105,Prairie Telecom: Upgrade today and get 2 months free. Details bowriverdental.ca/c Txt STOP to end,804.3,579,3802,0.842,0.032,13,0,marketing_legit
m02106,mom says call her,1.6,1,7,0.044,0.507,12,0,personal
m02107,lmk if you want sushi tonight,810.1,1,5,0.085,0.451,19,0,personal
m02108,are u home? forgot my keys,650.5,4,7,0.078,0.785,13,0,personal
m02109,mom says call her,551.3,0,4,0.063,0.644,19,0,personal
m02110,ok sounds good,1356.1,6,5,0.182,0.602,18,0,personal
m02111,"thanks for today, had a great time",315.1,3,3,0.114,0.547,23,0,personal
m02112,did you see the game?? we win that one easy,607.0,0,4,0.141,0.73,16,0,personal
m02113,Prairie Parcel: your package was delivered to your front door at 11:00.,2458.1,265,3030,0.844,0.046,11,0,business_notification
m02114,Last chance! 30% off at Northern Outfitters ends tonight. Shop mplbn.ca/deal Reply STOP to unsubscribe,2010.8,188,6480,0.955,0.071,19,0,marketing_legit
m02115,are u home? forgot my keys,285.8,1,8,0.163,0.524,12,0,personal
m02116,did you remember to pay rent,969.4,0,7,0.101,0.652,12,0,personal
m02117,Your Prairie Telecom bill of $55.13 is ready. View at northernoutfitters.ca/sale. Reply STOP to opt out.,2837.4,340,2559,0.951,0.053,10,0,business_notification
m02118,did you remember to pay rent,819.7,1,2,0.193,0.659,14,0,personal
m02119,"call me when you can, kinda urgent, it's about the car",926.1,2,3,0.324,0.593,21,0,personal
m02120,Your verification code is 142261. Do not share this code with anyone.,1468.7,102,3215,0.938,0.103,15,0,business_notification
m02121,Bow River Dental: reminder of your appointment Saturday at 11:00. Reply C to confirm or call 403-555-0142.,569.0,267,927,0.821,0.1,18,0,business_notification
m02122,lol that was so funny,382.2,0,3,0.033,0.588,13,0,personal
m02123,"that's fine, see you Friday",116.6,2,1,0.188,0.85,15,0,personal
m02124,lol that was so funny,645.7,3,4,0.086,0.534,9,0,personal
m02125,ok sounds good,734.2,1,4,0.006,0.422,12,0,personal
m02126,are u home? forgot my keys,2674.1,3,3,0.02,0.638,21,0,personal
m02127,yes!! i got the job,247.2,1,4,0.34,0.67,22,0,personal
m02128,ok sounds good,326.5,3,2,0.0,0.701,7,0,personal
m02129,yes!! i got the job,433.7,2,5,0.12,0.544,20,0,personal
m02130,ALERT: Unusual sign-in on your Foothills Credit Union account. Verify immediately at http://rewards-ca.link/EimEz or your account will be suspended.,3.6,83,838,0.897,0.002,14,1,bank_phish
m02131,"call me when you can, kinda urgent, it's about the car",730.9,0,2,0.184,0.587,8,0,personal
m02132,"call me when you can, kinda urgent, it's about the car",458.3,2,5,0.033,0.354,9,0,personal
m02133,HEY ARE YOU FREE TUESDAY NIGHT?,735.0,1,3,0.025,0.412,15,0,personal
m02134,hey are you free Friday night?,1364.3,0,5,0.065,0.488,18,0,personal
m02135,yes!! i got the job,1125.3,3,4,0.022,0.428,16,0,personal
m02136,good luck on your exam tmrw!,467.4,0,3,0.129,0.617,23,0,personal
m02137,here's that video lol vid.example/iHW0z,613.9,1,3,0.023,0.35,6,0,personal
m02138,good luck on your exam tmrw!,931.1,2,3,0.009,0.82,23,0,personal
m02139,Your Prairie Telecom bill of $11.33 is ready. View at chinookbooks.ca/track. Reply STOP to opt out.,1885.2,195,8697,0.985,0.046,12,0,business_notification
m02140,ok sounds good,9.6,2,4,0.095,0.523,16,0,personal
m02141,"i owe you $34 for the pizza btw, etransferring now",2503.5,0,1,0.021,0.78,17,0,personal
m02142,"thanks for today, had a great time",273.2,0,2,0.212,0.411,21,0,personal
m02143,"call me when you can, kinda urgent, it's about the car",460.2,0,5,0.187,0.579,19,0,personal
m02144,hey are you free Saturday night?,127.0,3,4,0.061,0.376,13,0,personal
m02145,Your order from Chinook Books has shipped. Track: chinookbooks.ca/track,936.9,402,3371,0.95,0.092,14,0,business_notification
m02146,can you grab milk on the way home,1365.2,1,6,0.112,0.745,23,0,personal
m02147,are u home? forgot my keys,4079.0,0,7,0.284,0.498,20,0,personal
m02148,Your order from Chinook Books has shipped. Track: chinookbooks.ca/track,1324.3,92,1033,0.939,0.067,12,0,business_notification
m02149,"can't talk rn, in a meeting",270.8,1,2,0.023,0.746,21,0,personal
m02150,"hey its Alex, new number, save this one",213.9,2,7,0.026,0.587,18,0,personal
m02151,lmk if you want pizza tonight,2983.3,1,7,0.037,0.596,22,0,personal
m02152,"free tickets to the flames game from work, want one?",1130.9,1,8,0.182,0.497,9,0,personal
m02153,"call me when you can, kinda urgent, it's about the car",313.2,1,8,0.262,0.436,15,0,personal
m02154,are u home? forgot my keys,372.2,2,5,0.05,0.48,9,0,personal
m02155,"Hi, I'm a recruiter with a remote part-time role, $250/day, flexible hours. Interested?",8.1,46,229,0.988,0.095,19,1,job_offer
m02156,Your verification code is 707980. Do not share this code with anyone.,1452.0,425,1400,0.968,0.155,19,0,business_notification
m02157,ugh the c-train is delayed again,1430.6,0,6,0.051,0.802,16,0,personal
m02158,Your verification code is 584633. Do not share this code with anyone.,2849.6,123,13846,0.892,0.047,11,0,business_notification
m02159,ok sounds good,1640.6,4,6,0.041,0.606,10,0,personal
m02160,Your verification code is 323080. Do not share this code with anyone.,1832.2,447,2501,0.821,0.011,9,0,business_notification
m02161,Last chance! 30% off at Northern Outfitters ends tonight. Shop mplbn.ca/deal Reply STOP to unsubscribe,837.8,716,5035,0.797,0.062,14,0,marketing_legit
m02162,"i owe you $78 for the tacos btw, etransferring now",366.4,2,8,0.123,0.5,20,0,personal
m02163,did you remember to pay rent,1736.1,1,5,0.218,0.487,11,0,personal
m02164,Last chance! 30% off at Northern Outfitters ends tonight. Shop chinookbooks.ca/track Reply STOP to unsubscribe,955.4,619,4688,0.762,0.005,11,0,marketing_legit
m02165,City of Calgary: your recycling pickup moves to Tuesday this week.,1785.3,225,3946,0.975,0.05,10,0,business_notification
m02166,what time is dinner,2240.5,0,7,0.162,0.854,15,0,personal
m02167,You're invited: Stampede Sports members' night Tuesday. Win prizes & more. Reply STOP to opt out,514.8,313,3601,0.994,0.058,12,0,marketing_legit
m02168,happy birthday Kai!! have an amazing day,794.5,2,9,0.032,0.742,18,0,personal
m02169,can you grab milk on the way home,1854.9,3,5,0.104,0.371,13,0,personal
m02170,"Hi it's Chloe, lost my phone. Can you send me $710 by etransfer, I'll pay you back tomorrow",2.5,16,47,0.989,0.023,15,1,hi_mum
m02171,Bow River Dental: reminder of your appointment Friday at 10:15. Reply C to confirm or call 403-555-0142.,751.7,188,1645,0.873,0.154,10,0,business_notification
m02172,yes!! i got the job,1187.8,2,4,0.043,0.787,10,0,personal
m02173,"free tickets to the flames game from work, want one?",520.2,2,6,0.143,0.47,0,0,personal
m02174,"free tickets to the flames game from work, want one?",3185.8,4,7,0.27,0.56,11,0,personal
m02175,Your order from Chinook Books has shipped. Track: northernoutfitters.ca/sale,2627.0,439,2799,0.948,0.048,17,0,business_notification
m02176,"that's fine, see you Monday",1531.0,0,5,0.019,0.793,19,0,personal
m02177,Bow River Dental: reminder of your appointment Saturday at 9:30. Reply C to confirm or call 403-555-0142.,1427.9,173,1544,0.896,0.091,18,0,business_notification
m02178,Bow River Dental: reminder of your appointment Tuesday at 3:45. Reply C to confirm or call 403-555-0142.,2293.7,90,1742,0.987,0.121,20,0,business_notification
m02179,GOOD LUCK ON YOUR EXAM TMRW!,976.1,2,2,0.059,0.516,13,0,personal
m02180,"i owe you $26 for the pho btw, etransferring now",3669.8,2,6,0.124,0.586,10,0,personal
m02181,"i owe you $34 for the shawarma btw, etransferring now",275.1,2,3,0.105,0.632,6,0,personal
m02182,happy birthday Priya!! have an amazing day,831.2,1,6,0.18,0.577,13,0,personal
m02183,ok sounds good,1963.0,2,11,0.081,0.506,9,0,personal
m02184,Congratulations! Your number won our monthly draw. Call 1-900-555-5715 to claim your CASH prize before midnight!,8.3,552,166,0.973,0.071,11,1,prize
m02185,City of Calgary: your recycling pickup moves to Monday this week.,1751.0,211,988,0.824,0.013,20,0,business_notification
m02186,good luck on your exam tmrw!,436.2,1,8,0.273,0.818,20,0,personal
m02187,what time is dinner,712.6,1,5,0.008,0.406,13,0,personal
m02188,are u home? forgot my keys,603.6,1,4,0.189,0.543,21,0,personal
m02189,"free tickets to the flames game from work, want one?",4717.3,2,4,0.031,0.484,1,0,personal
m02190,"hey its Omar, new number, save this one",324.2,0,3,0.032,0.663,18,0,personal
m02191,Last chance! 30% off at Northern Outfitters ends tonight. Shop northernoutfitters.ca/sale Reply STOP to unsubscribe,1399.0,240,15156,0.928,0.006,14,0,marketing_legit
m02192,City of Calgary: your recycling pickup moves to Tuesday this week.,3933.7,245,6505,0.978,0.001,8,0,business_notification
m02193,Security notice: your card has been locked. Confirm your identity now cra-refund-xciu.xyz,8.5,160,1504,0.982,0.038,16,1,bank_phish
m02194,"THANKS FOR TODAY, HAD A GREAT TIME",6659.0,1,2,0.201,0.753,19,0,personal
m02195,"hey dad its me, new phone. can you do me a favour? need to pay a bill today",7.7,4,185,0.966,0.049,19,1,hi_mum
m02196,happy birthday Mo!! have an amazing day,824.2,0,3,0.094,0.422,9,0,personal
m02197,"Foothills Credit Union: a purchase of $53.86 was made on your card ending 9384. If this wasn't you, call the number on the back of your card.",1326.5,206,5397,0.992,0.041,9,0,business_notification
m02198,Prairie Parcel: your package is on hold due to unpaid shipping fee ($1.99). Pay now: http://cp-redeliver-cbkl.top/pay,3.1,106,547,0.956,0.036,16,1,parcel_fee
m02199,meet at Nose Hill at 9:30?,2267.7,3,6,0.056,0.506,11,0,personal
m02200,"can't talk rn, in a meeting",2447.4,3,7,0.243,0.661,17,0,personal
m02201,here's that video lol vid.example/3HDe1,2434.2,2,5,0.086,0.866,20,0,personal
m02202,here's that video lol vid.example/mGEzS,873.5,1,3,0.026,0.554,23,0,personal
m02203,Prairie Telecom: Upgrade today and get 2 months free. Details chinookbooks.ca/track Txt STOP to end,1325.1,761,4973,0.964,0.025,14,0,marketing_legit
m02204,can you grab milk on the way home,392.1,2,4,0.003,0.688,12,0,personal
m02205,Maple Bean Coffee: FREE donut with any large coffee this weekend! Show this text. Reply STOP to opt out,554.5,856,3411,0.965,0.002,12,0,marketing_legit
m02206,what time is dinner,2288.6,0,5,0.169,0.672,16,0,personal
m02207,"running late, be there in 9 min",1626.3,1,6,0.131,0.637,11,0,personal
m02208,mom says call her,1854.4,0,6,0.117,0.913,13,0,personal
m02209,"call me when you can, kinda urgent, it's about the car",2585.9,3,5,0.04,0.576,21,0,personal
m02210,ugh the c-train is delayed again,808.4,3,7,0.245,0.689,19,0,personal
m02211,did you see the game?? we win that one easy,446.3,2,5,0.327,0.713,17,0,personal
m02212,WINNER!! You have been selected to receive a $500 gift card. Claim now at cra-refund-csc8.xyz,4.3,58,540,0.85,0.0,23,1,prize
m02213,"hey its Ravi, new number, save this one",720.2,0,6,0.104,0.589,23,0,personal
m02214,"that's fine, see you Saturday",1793.6,2,3,0.076,0.466,19,0,personal
m02215,"free tickets to the flames game from work, want one?",1361.9,2,5,0.006,0.773,12,0,personal
m02216,"can't talk rn, in a meeting",427.1,0,4,0.157,0.622,18,0,personal
m02217,"Hello! We saw your resume online. Simple online tasks, earn $300 daily. Reply YES to learn more",4.1,10,93,0.924,0.091,10,1,job_offer
m02218,Prairie Telecom: Upgrade today and get 2 months free. Details prairietel.ca/bill Txt STOP to end,2650.7,159,4742,0.978,0.032,17,0,marketing_legit
m02219,City of Calgary: your recycling pickup moves to Monday this week.,1019.2,603,931,0.97,0.066,8,0,business_notification
m02220,"thanks for today, had a great time",699.5,1,6,0.008,0.364,17,0,personal
m02221,"can't talk rn, in a meeting",1460.7,3,5,0.175,0.815,19,0,personal
m02222,Prairie Telecom: Upgrade today and get 2 months free. Details prairietel.ca/bill Txt STOP to end,1241.1,287,2819,0.881,0.052,14,0,marketing_legit
m02223,"sorry, who is this? your number was in my contacts",25.7,11,38,0.989,0.051,20,1,wrong_number
m02224,You have 1 unclaimed reward from Canadian Rewards Club. Claim within 24hrs: https://secure-fcu-verify.info/s0gc7,3.4,80,833,0.991,0.04,5,1,prize
m02225,"hey its Jess, new number, save this one",1157.8,4,8,0.108,0.683,11,0,personal
m02226,"call me when you can, kinda urgent, it's about the car",1511.5,1,5,0.007,0.573,18,0,personal
m02227,"WINNER!! You have been selected to receive a $1,500 gift card. Claim now at https://secure-fcu-verify.info/4kauu",11.3,11,1460,0.994,0.067,20,1,prize
m02228,we attempted delivery of your parcel. reschedule and pay the $3.15 fee at bit.ly/5t52ru within 48h.,7.5,67,665,0.956,0.049,23,1,parcel_fee
m02229,"Foothills Credit Union: a purchase of $11.61 was made on your card ending 5711. If this wasn't you, call the number on the back of your card.",2122.6,201,6953,0.98,0.018,17,0,business_notification
m02230,happy birthday Ravi!! have an amazing day,6.0,0,4,0.029,0.661,18,0,personal
m02231,meet at the library at 2:00?,1156.4,3,2,0.027,0.595,21,0,personal
m02232,Your verification code is 838112. Do not share this code with anyone.,2185.8,392,2020,0.937,0.034,10,0,business_notification
m02233,lol that was so funny,281.3,2,2,0.032,0.726,23,0,personal
m02234,are u home? forgot my keys,3214.0,1,4,0.052,0.686,13,0,personal
m02235,"that's fine, see you Saturday",1435.7,1,3,0.232,0.572,12,0,personal
m02236,cra: you have a pending refund of $408.89. accept your deposit here http://cp-redeliver-2eyb.top/pay,4.0,99,663,0.991,0.001,4,1,tax_refund
m02237,did you remember to pay rent,715.8,2,2,0.235,0.594,23,0,personal
m02238,"Foothills Credit Union: a purchase of $8.61 was made on your card ending 6145. If this wasn't you, call the number on the back of your card.",1344.7,346,1351,0.823,0.021,11,0,business_notification
m02239,"call me when you can, kinda urgent, it's about the car",811.1,0,2,0.027,0.738,16,0,personal
m02240,lmk if you want sushi tonight,900.6,0,5,0.098,0.706,18,0,personal
m02241,"Foothills Credit Union: a purchase of $21.05 was made on your card ending 6329. If this wasn't you, call the number on the back of your card.",1261.9,670,12797,0.99,0.117,8,0,business_notification
m02242,lol that was so funny,731.4,0,7,0.159,0.526,17,0,personal
m02243,"thanks for today, had a great time",980.3,1,3,0.137,0.792,12,0,personal
m02244,"i owe you $59 for the tacos btw, etransferring now",579.1,2,7,0.154,0.37,21,0,personal
m02245,"i owe you $15 for the shawarma btw, etransferring now",1794.6,1,4,0.186,0.523,17,0,personal
m02246,are u home? forgot my keys,838.5,2,2,0.03,0.509,15,0,personal
m02247,did you remember to pay rent,1138.2,3,5,0.023,0.829,17,0,personal
m02248,lol that was so funny,489.2,0,4,0.03,0.731,21,0,personal
m02249,DID YOU SEE THE GAME?? WE WIN THAT ONE EASY,213.2,0,7,0.077,0.619,23,0,personal
m02250,meet at Chinook at 7:00?,647.0,1,6,0.005,0.566,20,0,personal
m02251,mom says call her,1140.8,3,2,0.051,0.766,17,0,personal
m02252,did you see the game?? we win that one easy,884.5,2,5,0.12,0.838,14,0,personal
m02253,"Foothills Credit Union: a purchase of $82.04 was made on your card ending 5333. If this wasn't you, call the number on the back of your card.",1313.2,113,1557,0.812,0.032,8,0,business_notification
m02254,here's that video lol vid.example/acS3w,4371.3,1,3,0.07,0.533,12,0,personal
m02255,did you remember to pay rent,206.3,1,8,0.007,0.703,11,0,personal
m02256,happy birthday Chloe!! have an amazing day,790.8,2,6,0.179,0.229,17,0,personal
m02257,lol that was so funny,1486.6,5,5,0.136,0.567,21,0,personal
m02258,lmk if you want pizza tonight,777.7,0,7,0.038,0.685,17,0,personal
m02259,"that's fine, see you Thursday",1931.4,1,7,0.25,0.251,20,0,personal
m02260,"running late, be there in 11 min",488.4,1,4,0.071,0.679,8,0,personal
m02261,You're invited: Stampede Sports members' night Tuesday. Win prizes & more. Reply STOP to opt out,2720.7,289,5640,0.845,0.03,11,0,marketing_legit
m02262,MOM SAYS CALL HER,1751.4,0,5,0.094,0.451,12,0,personal
m02263,"thanks for today, had a great time",1916.5,1,8,0.206,0.525,8,0,personal
m02264,can you grab milk on the way home,393.3,2,3,0.07,0.569,11,0,personal
m02265,congratulations! your number won our monthly draw. call 1-900-555-4205 to claim your cash prize before midnight!,1447.4,5,47,0.227,0.053,6,1,prize
m02266,"running late, be there in 23 min",1499.2,2,8,0.258,0.743,18,0,personal
m02267,happy birthday Maya!! have an amazing day,731.6,2,7,0.135,0.627,12,0,personal
m02268,"hey its Priya, new number, save this one",425.7,3,6,0.041,0.294,15,0,personal
m02269,Your verification code is 848911. Do not share this code with anyone.,2147.0,80,1259,0.807,0.063,19,0,business_notification
m02270,mom says call her,512.3,2,7,0.103,0.386,11,0,personal
m02271,hey are you free Tuesday night?,400.2,1,5,0.057,0.671,17,0,personal
m02272,meet at the gym at 3:45?,698.2,1,6,0.06,0.445,20,0,personal
m02273,mom says call her,5973.6,0,3,0.079,0.591,17,0,personal
m02274,yes!! i got the job,494.1,3,7,0.116,0.792,20,0,personal
m02275,Prairie Parcel: your package was delivered to your front door at 11:00.,1650.9,76,3183,0.83,0.001,20,0,business_notification
m02276,"i owe you $36 for the shawarma btw, etransferring now",1308.7,0,6,0.306,0.503,16,0,personal
m02277,"running late, be there in 5 min",2907.1,3,2,0.052,0.915,20,0,personal
m02278,can you grab milk on the way home,636.6,0,5,0.022,0.662,20,0,personal
m02279,Maple Bean Coffee: FREE donut with any large coffee this weekend! Show this text. Reply STOP to opt out,765.9,853,7602,0.953,0.082,10,0,marketing_legit
m02280,"that's fine, see you Friday",499.9,0,6,0.02,0.524,12,0,personal
m02281,"running late, be there in 7 min",1137.9,1,4,0.053,0.865,17,0,personal
m02282,CRA: You have a pending refund of $326.48. Accept your deposit here cra-refund-jvft.xyz,6.7,61,335,0.974,0.002,14,1,tax_refund
m02283,"call me when you can, kinda urgent, it's about the car",648.5,3,4,0.303,0.222,19,0,personal
m02284,"Hello, is this Dr. Sam? I wanted to confirm our meeting Friday",16.9,24,116,0.994,0.086,2,1,wrong_number
m02285,Prairie Parcel: your package was delivered to your front door at 2:00.,1814.3,217,5132,0.961,0.004,19,0,business_notification
m02286,here's that video lol vid.example/ZrTSS,1285.6,2,3,0.06,0.486,19,0,personal
m02287,did you see the game?? we win that one easy,2147.8,2,7,0.048,0.811,15,0,personal
m02288,"i owe you $44 for the pho btw, etransferring now",1005.6,4,6,0.009,0.379,17,0,personal
m02289,Maple Bean Coffee: FREE donut with any large coffee this weekend! Show this text. Reply STOP to opt out,1229.7,740,5575,0.933,0.06,17,0,marketing_legit
m02290,"running late, be there in 12 min",790.6,2,6,0.001,0.498,22,0,personal
m02291,"CALL ME WHEN YOU CAN, KINDA URGENT, IT'S ABOUT THE CAR",854.2,3,5,0.077,0.613,21,0,personal
m02292,"i owe you $93 for the pho btw, etransferring now",1204.1,3,9,0.136,0.553,20,0,personal
m02293,Your verification code is 191708. Do not share this code with anyone.,642.6,273,3428,0.603,0.12,12,0,business_notification
m02294,good luck on your exam tmrw!,337.0,1,3,0.015,0.572,19,0,personal
m02295,"can't talk rn, in a meeting",368.9,1,5,0.009,0.555,20,0,personal
m02296,mom says call her,759.7,2,8,0.024,0.663,16,0,personal
m02297,Your Interac e-Transfer of $19.99 is pending. Accept deposit: http://cp-redeliver-wuys.top/pay,21.5,86,832,0.996,0.004,6,1,bank_phish
m02298,Your order from Chinook Books has shipped. Track: chinookbooks.ca/track,1172.7,260,4010,0.954,0.115,8,0,business_notification
m02299,did you remember to pay rent,1274.6,0,2,0.012,0.755,21,0,personal
m02300,"call me when you can, kinda urgent, it's about the car",832.2,4,4,0.017,0.712,12,0,personal
m02301,"THANKS FOR TODAY, HAD A GREAT TIME",682.0,3,7,0.232,0.479,16,0,personal
m02302,meet at the coffee place at 11:00?,3.1,1,3,0.064,0.505,12,0,personal
m02303,good luck on your exam tmrw!,1163.4,0,6,0.082,0.724,8,0,personal
m02304,"can't talk rn, in a meeting",2087.1,1,2,0.248,0.689,10,0,personal
m02305,Maple Bean Coffee: FREE donut with any large coffee this weekend! Show this text. Reply STOP to opt out,1083.3,1000,18906,0.9,0.045,15,0,marketing_legit
m02306,yes!! i got the job,2.8,0,3,0.136,0.32,7,0,personal
m02307,Bow River Dental: reminder of your appointment Tuesday at 7:00. Reply C to confirm or call 403-555-0142.,1435.6,319,1387,1.0,0.153,12,0,business_notification
m02308,lol that was so funny,1210.0,1,5,0.001,0.668,17,0,personal
m02309,Bow River Dental: reminder of your appointment Saturday at 2:00. Reply C to confirm or call 403-555-0142.,891.9,166,2545,0.993,0.138,16,0,business_notification
m02310,Prairie Parcel: your package was delivered to your front door at 7:00.,1203.2,328,1450,0.728,0.145,12,0,business_notification
m02311,lol that was so funny,1334.3,0,4,0.083,0.894,22,0,personal
m02312,You have 1 unclaimed reward from Canadian Rewards Club. Claim within 24hrs: http://rewards-ca.link/e8HqH,1163.5,4,38,0.548,0.112,7,1,prize
m02313,You have 1 unclaimed reward from Canadian Rewards Club. Claim within 24hrs: https://secure-fcu-verify.info/5cbaw,44.5,91,300,0.802,0.054,20,1,prize
m02314,Your order from Chinook Books has shipped. Track: bowriverdental.ca/c,708.3,197,1765,0.969,0.087,12,0,business_notification
m02315,Bow River Dental: reminder of your appointment Saturday at 2:00. Reply C to confirm or call 403-555-0142.,1310.9,253,7530,0.783,0.007,8,0,business_notification
m02316,hey are you free Wednesday night?,347.2,1,8,0.095,0.683,18,0,personal
m02317,"hey its Alex, new number, save this one",698.3,2,9,0.279,0.56,20,0,personal
m02318,happy birthday Lena!! have an amazing day,853.5,0,6,0.063,0.705,17,0,personal
m02319,Your verification code is 357397. Do not share this code with anyone.,2465.5,350,4408,0.911,0.073,14,0,business_notification
m02320,are u home? forgot my keys,471.1,2,4,0.154,0.6,17,0,personal
m02321,City of Calgary: your recycling pickup moves to Monday this week.,2197.0,495,2976,0.979,0.033,8,0,business_notification
m02322,"i owe you $91 for the ramen btw, etransferring now",427.9,1,9,0.138,0.584,12,0,personal
m02323,lmk if you want tacos tonight,546.1,0,6,0.059,0.343,16,0,personal
m02324,omw,322.4,1,8,0.042,0.504,19,0,personal
m02325,yes!! i got the job,396.3,3,5,0.061,0.648,21,0,personal
m02326,Your verification code is 185947. Do not share this code with anyone.,775.4,132,1250,0.825,0.106,11,0,business_notification
m02327,Prairie Telecom: Upgrade today and get 2 months free. Details mplbn.ca/deal Txt STOP to end,1101.0,369,8428,0.906,0.011,14,0,marketing_legit
m02328,good luck on your exam tmrw!,1774.0,0,5,0.102,0.621,10,0,personal
m02329,Last chance! 30% off at Northern Outfitters ends tonight. Shop northernoutfitters.ca/sale Reply STOP to unsubscribe,1386.3,976,4043,0.925,0.038,15,0,marketing_legit
m02330,mom says call her,537.6,0,9,0.209,0.59,20,0,personal
m02331,ugh the c-train is delayed again,1256.0,0,6,0.0,0.56,9,0,personal
m02332,You have 1 unclaimed reward from Canadian Rewards Club. Claim within 24hrs: https://secure-fcu-verify.info/rjzmk,6.6,36,1111,0.976,0.033,21,1,prize
m02333,did you remember to pay rent,3525.9,1,4,0.087,0.531,20,0,personal
m02334,can you grab milk on the way home,458.2,2,4,0.215,0.795,18,0,personal
m02335,"thanks for today, had a great time",643.9,2,5,0.035,0.589,21,0,personal
m02336,Maple Bean Coffee: FREE donut with any large coffee this weekend! Show this text. Reply STOP to opt out,1041.2,1354,3106,0.897,0.063,12,0,marketing_legit
m02337,Your verification code is 898280. Do not share this code with anyone.,1016.6,568,1302,0.942,0.054,8,0,business_notification
m02338,Bow River Dental: reminder of your appointment Friday at 11:00. Reply C to confirm or call 403-555-0142.,1027.4,520,2596,0.955,0.089,12,0,business_notification
m02339,what time is dinner,724.8,0,6,0.043,0.636,6,0,personal
m02340,meet at Kensington at 3:45?,2000.7,1,3,0.043,0.746,19,0,personal
m02341,"Foothills Credit Union: a purchase of $32.33 was made on your card ending 1745. If this wasn't you, call the number on the back of your card.",1467.3,131,2146,0.968,0.134,20,0,business_notification
m02342,Maple Bean Coffee: FREE donut with any large coffee this weekend! Show this text. Reply STOP to opt out,885.6,244,4298,0.954,0.041,16,0,marketing_legit
m02343,"call me when you can, kinda urgent, it's about the car",3126.1,0,4,0.037,0.37,22,0,personal
m02344,are u home? forgot my keys,1236.4,1,5,0.133,0.537,21,0,personal
m02345,did you see the game?? we win that one easy,337.9,2,3,0.009,0.444,15,0,personal
m02346,can you grab milk on the way home,3183.9,1,4,0.163,0.664,20,0,personal
m02347,lol that was so funny,3498.3,2,5,0.023,0.606,15,0,personal
m02348,omw,2528.5,1,3,0.361,0.708,12,0,personal
m02349,hey are you free Monday night?,883.5,3,2,0.174,0.381,16,0,personal
m02350,lol that was so funny,3754.1,0,3,0.087,0.802,14,0,personal
m02351,are u home? forgot my keys,620.0,0,6,0.323,0.618,13,0,personal
m02352,Your verification code is 171814. Do not share this code with anyone.,1012.0,199,1807,0.845,0.011,9,0,business_notification
m02353,"running late, be there in 19 min",295.9,0,6,0.022,0.534,13,0,personal
m02354,Bow River Dental: reminder of your appointment Sunday at 2:00. Reply C to confirm or call 403-555-0142.,6395.1,76,2820,0.973,0.112,17,0,business_notification
m02355,"call me when you can, kinda urgent, it's about the car",344.1,1,9,0.163,0.854,1,0,personal
m02356,yes!! i got the job,388.7,3,7,0.023,0.557,18,0,personal
m02357,happy birthday Ravi!! have an amazing day,1170.5,0,7,0.025,0.835,19,0,personal
m02358,Your Interac e-Transfer of $55.89 is pending. Accept deposit: http://rewards-ca.link/7vWne,13.4,1213,1029,0.983,0.01,9,1,bank_phish
m02359,are u home? forgot my keys,3489.1,2,4,0.164,0.749,7,0,personal
m02360,mom says call her,2530.1,1,4,0.055,0.705,8,0,personal
m02361,yes!! i got the job,1224.1,2,8,0.021,0.504,1,0,personal
m02362,ok sounds good,275.1,0,4,0.107,0.699,9,0,personal
m02363,"running late, be there in 24 min",1070.9,1,6,0.046,0.394,15,0,personal
m02364,Your verification code is 640185. Do not share this code with anyone.,1360.2,164,2364,0.95,0.032,11,0,business_notification
m02365,hey are you free Saturday night?,978.7,2,5,0.001,0.337,18,0,personal
m02366,WHAT TIME IS DINNER,1500.6,0,7,0.027,0.754,21,0,personal
m02367,City of Calgary: your recycling pickup moves to Tuesday this week.,3016.9,210,1297,0.762,0.029,18,0,business_notification
m02368,"hey its Maya, new number, save this one",1460.1,4,4,0.004,0.216,18,0,personal
m02369,"thanks for today, had a great time",4411.9,0,2,0.007,0.777,8,0,personal
m02370,"Hi, I'm a recruiter with a remote part-time role, $300/day, flexible hours. Interested?",50.3,12,25,0.956,0.139,19,1,job_offer
m02371,You're invited: Stampede Sports members' night Thursday. Win prizes & more. Reply STOP to opt out,1107.7,616,16736,0.664,0.01,19,0,marketing_legit
m02372,"running late, be there in 16 min",541.2,2,6,0.057,0.563,19,0,personal
m02373,"hey its Priya, new number, save this one",494.6,1,2,0.038,0.41,8,0,personal
m02374,Hi is this Kai? We met at the golf club last week,0.6,32,92,0.988,0.277,5,1,wrong_number
m02375,mom says call her,2867.5,1,6,0.078,0.566,22,0,personal
m02376,can you grab milk on the way home,1027.2,2,5,0.221,0.803,16,0,personal
m02377,Your order from Chinook Books has shipped. Track: mplbn.ca/deal,2198.4,141,745,0.986,0.024,11,0,business_notification
m02378,Your Prairie Telecom bill of $49.77 is ready. View at mplbn.ca/deal. Reply STOP to opt out.,1326.3,593,3592,0.963,0.047,15,0,business_notification
m02379,Prairie Parcel: your package was delivered to your front door at 2:00.,1102.8,385,7162,0.981,0.113,14,0,business_notification
m02380,happy birthday Jess!! have an amazing day,890.6,1,3,0.048,0.612,0,0,personal
m02381,"sorry, who is this? your number was in my contacts",21.5,12,422,0.984,0.05,11,1,wrong_number
m02382,"call me when you can, kinda urgent, it's about the car",5127.4,2,5,0.314,0.518,11,0,personal
m02383,Bow River Dental: reminder of your appointment Monday at 7:00. Reply C to confirm or call 403-555-0142.,3203.8,215,6669,0.706,0.067,13,0,business_notification
m02384,"hey its Omar, new number, save this one",1243.2,1,4,0.215,0.631,19,0,personal
m02385,"call me when you can, kinda urgent, it's about the car",1192.1,1,6,0.002,0.523,11,0,personal
m02386,Your Prairie Telecom bill of $30.08 is ready. View at northernoutfitters.ca/sale. Reply STOP to opt out.,1586.1,610,1548,0.914,0.078,18,0,business_notification
m02387,"i owe you $90 for the pho btw, etransferring now",1147.0,2,6,0.204,0.569,10,0,personal
m02388,did you remember to pay rent,565.6,1,4,0.041,0.658,17,0,personal
m02389,Your verification code is 547964. Do not share this code with anyone.,1491.8,222,1168,0.969,0.135,9,0,business_notification
m02390,"Foothills Credit Union: a purchase of $14.89 was made on your card ending 8934. If this wasn't you, call the number on the back of your card.",2374.3,318,2502,0.983,0.164,8,0,business_notification
m02391,Your Prairie Telecom bill of $8.80 is ready. View at prairietel.ca/bill. Reply STOP to opt out.,2191.4,168,1437,0.85,0.181,16,0,business_notification
m02392,omw,297.8,2,4,0.233,0.759,10,0,personal
m02393,lol that was so funny,2139.5,1,3,0.006,0.708,19,0,personal
m02394,omw,438.3,4,6,0.047,0.424,11,0,personal
m02395,"can't talk rn, in a meeting",419.4,0,4,0.108,0.293,21,0,personal
m02396,"can't talk rn, in a meeting",323.0,1,5,0.008,0.584,18,0,personal
m02397,mom says call her,3251.4,1,4,0.058,0.582,18,0,personal
m02398,ok sounds good,1145.0,4,8,0.158,0.464,19,0,personal
m02399,"hello! we saw your resume online. simple online tasks, earn $300 daily. reply yes to learn more",5.9,36,264,0.994,0.06,11,1,job_offer
m02400,what time is dinner,1161.7,4,7,0.052,0.722,18,0,personal
m02401,yes!! i got the job,266.6,1,2,0.345,0.583,10,0,personal
m02402,did you see the game?? we win that one easy,456.2,1,8,0.028,0.517,13,0,personal
m02403,ALERT: Unusual sign-in on your Foothills Credit Union account. Verify immediately at cra-refund-adjv.xyz or your account will be suspended.,11.0,107,2820,0.958,0.033,9,1,bank_phish
m02404,are u home? forgot my keys,1909.5,0,5,0.064,0.679,21,0,personal
m02405,Prairie Parcel: your package was delivered to your front door at 9:30.,1584.7,326,1206,0.895,0.12,15,0,business_notification
m02406,"that's fine, see you Saturday",734.1,1,5,0.259,0.703,13,0,personal
m02407,LOL THAT WAS SO FUNNY,900.9,1,5,0.084,0.428,17,0,personal
m02408,Congratulations! Your number won our monthly draw. Call 1-900-555-6697 to claim your CASH prize before midnight!,8.0,249,628,0.988,0.012,19,1,prize
m02409,did you see the game?? we win that one easy,1004.1,1,6,0.17,0.652,23,0,personal
m02410,Your Prairie Telecom bill of $25.98 is ready. View at mplbn.ca/deal. Reply STOP to opt out.,974.1,205,4423,0.994,0.137,14,0,business_notification
m02411,"running late, be there in 16 min",525.9,1,2,0.045,0.61,14,0,personal
m02412,did you remember to pay rent,2924.3,1,5,0.062,0.253,16,0,personal
m02413,We attempted delivery of your parcel. Reschedule and pay the $3.15 fee at cra-refund-gwmo.xyz within 48h.,17.0,8,1307,0.915,0.01,10,1,parcel_fee
m02414,OK SOUNDS GOOD,512.2,2,4,0.112,0.5,9,0,personal
m02415,ok sounds good,3.6,1,8,0.106,0.322,18,0,personal
m02416,"running late, be there in 8 min",5149.7,0,3,0.052,0.801,19,0,personal
m02417,lol that was so funny,774.1,1,3,0.1,0.633,15,0,personal
m02418,"that's fine, see you Saturday",917.5,0,6,0.11,0.665,17,0,personal
m02419,lol that was so funny,873.5,1,4,0.016,0.146,19,0,personal
m02420,yes!! i got the job,2170.0,2,3,0.083,0.525,7,0,personal
m02421,"hey its Kai, new number, save this one",3655.8,3,1,0.187,0.571,19,0,personal
m02422,Bow River Dental: reminder of your appointment Friday at 7:00. Reply C to confirm or call 403-555-0142.,1421.0,144,1721,0.941,0.001,9,0,business_notification
m02423,what time is dinner,1270.2,1,5,0.216,0.429,7,0,personal
m02424,Your verification code is 651840. Do not share this code with anyone.,600.2,649,1915,0.966,0.01,10,0,business_notification
m02425,meet at the Superstore at 2:00?,14.1,2,3,0.007,0.62,22,0,personal
m02426,what time is dinner,686.3,0,4,0.487,0.763,17,0,personal
m02427,are u home? forgot my keys,1122.6,0,4,0.013,0.657,11,0,personal
m02428,ok sounds good,2990.3,1,2,0.0,0.388,9,0,personal
m02429,"hey its Jess, new number, save this one",696.4,1,4,0.097,0.532,11,0,personal
m02430,HEY ARE YOU FREE THURSDAY NIGHT?,1310.5,0,6,0.026,0.427,18,0,personal
m02431,CRA: You have a pending refund of $679.68. Accept your deposit here cra-refund-nwkv.xyz,0.6,73,290,0.884,0.002,13,1,tax_refund
m02432,"i owe you $89 for the sushi btw, etransferring now",629.0,1,5,0.073,0.796,9,0,personal
m02433,lmk if you want sushi tonight,593.8,2,7,0.056,0.662,13,0,personal
m02434,"running late, be there in 16 min",2138.1,0,4,0.098,0.499,7,0,personal
m02435,Prairie Telecom: Upgrade today and get 2 months free. Details prairietel.ca/bill Txt STOP to end,1053.3,218,10157,0.591,0.002,10,0,marketing_legit
m02436,You're invited: Stampede Sports members' night Monday. Win prizes & more. Reply STOP to opt out,1209.6,312,10189,0.901,0.044,16,0,marketing_legit
m02437,are u home? forgot my keys,5.8,3,8,0.227,0.76,20,0,personal
m02438,did you see the game?? we win that one easy,968.4,0,5,0.536,0.633,20,0,personal
m02439,can you grab milk on the way home,4494.6,7,5,0.035,0.518,21,0,personal
m02440,"hey its Alex, new number, save this one",1066.1,3,7,0.042,0.656,9,0,personal
m02441,Your order from Chinook Books has shipped. Track: mplbn.ca/deal,1281.4,380,4433,0.975,0.149,12,0,business_notification
m02442,"Foothills Credit Union: a purchase of $44.57 was made on your card ending 9914. If this wasn't you, call the number on the back of your card.",1306.1,219,3967,0.959,0.122,9,0,business_notification
m02443,Bow River Dental: reminder of your appointment Wednesday at 9:30. Reply C to confirm or call 403-555-0142.,1899.9,206,1960,0.787,0.061,14,0,business_notification
m02444,Your verification code is 467144. Do not share this code with anyone.,919.1,237,1585,0.924,0.01,10,0,business_notification
m02445,"HEY ITS MO, NEW NUMBER, SAVE THIS ONE",794.6,3,6,0.229,0.598,10,0,personal
m02446,here's that video lol vid.example/iJ4F7,3648.6,3,6,0.02,0.424,9,0,personal
m02447,"running late, be there in 22 min",278.2,1,3,0.163,0.461,10,0,personal
m02448,City of Calgary: your recycling pickup moves to Monday this week.,2697.8,293,2346,0.718,0.032,13,0,business_notification
m02449,"thanks for today, had a great time",727.2,1,4,0.283,0.533,7,0,personal
m02450,are u home? forgot my keys,2159.4,0,2,0.194,0.802,23,0,personal
m02451,"can't talk rn, in a meeting",3535.4,1,1,0.012,0.723,21,0,personal
m02452,You're invited: Stampede Sports members' night Thursday. Win prizes & more. Reply STOP to opt out,375.4,309,3381,0.864,0.025,18,0,marketing_legit
m02453,"call me when you can, kinda urgent, it's about the car",2262.4,2,7,0.063,0.63,9,0,personal
m02454,did you remember to pay rent,312.9,1,4,0.039,0.516,21,0,personal
m02455,hey are you free Saturday night?,859.4,2,4,0.022,0.334,14,0,personal
m02456,"that's fine, see you Saturday",1154.5,2,4,0.03,0.498,15,0,personal
m02457,ok sounds good,826.1,1,6,0.124,0.625,14,0,personal
m02458,Security notice: your card has been locked. Confirm your identity now http://cp-redeliver-9kxk.top/pay,2.9,94,431,0.977,0.005,19,1,bank_phish
m02459,happy birthday Mo!! have an amazing day,716.3,3,6,0.287,0.801,15,0,personal
m02460,lol that was so funny,1603.2,2,6,0.09,0.875,11,0,personal
m02461,are u home? forgot my keys,677.5,0,8,0.031,0.59,23,0,personal
m02462,You're invited: Stampede Sports members' night Friday. Win prizes & more. Reply STOP to opt out,660.3,281,3362,0.995,0.033,10,0,marketing_legit
m02463,You're invited: Stampede Sports members' night Thursday. Win prizes & more. Reply STOP to opt out,920.9,969,3636,0.995,0.049,13,0,marketing_legit
m02464,DID YOU REMEMBER TO PAY RENT,479.1,1,3,0.293,0.47,8,0,personal
m02465,Prairie Parcel: your package is on hold due to unpaid shipping fee ($3.15). Pay now: bit.ly/EuBT3O,1.7,66,307,0.945,0.002,15,1,parcel_fee
m02466,"i owe you $15 for the tacos btw, etransferring now",10.1,2,5,0.009,0.655,8,0,personal
m02467,lol that was so funny,581.9,1,4,0.262,0.705,9,0,personal
m02468,"Hello, is this Dr. Omar? I wanted to confirm our meeting Monday",4.2,1,149,0.838,0.152,23,1,wrong_number
m02469,"Hello, is this Dr. Jordan? I wanted to confirm our meeting Sunday",9.4,19,757,0.997,0.132,17,1,wrong_number
m02470,lol that was so funny,2890.7,3,6,0.015,0.451,18,0,personal
m02471,You have 1 unclaimed reward from Canadian Rewards Club. Claim within 24hrs: http://cp-redeliver-bswz.top/pay,14.6,13,982,0.922,0.014,16,1,prize
m02472,Prairie Telecom: Upgrade today and get 2 months free. Details mplbn.ca/deal Txt STOP to end,1448.3,797,4217,0.997,0.012,13,0,marketing_legit
m02473,"running late, be there in 24 min",1991.2,2,7,0.072,0.689,23,0,personal
m02474,"that's fine, see you Saturday",890.1,2,5,0.447,0.588,17,0,personal
m02475,meet at the coffee place at 11:00?,587.0,1,4,0.182,0.756,17,0,personal
m02476,"hey dad its me, new phone. can you do me a favour? need to pay a bill today",1.8,14,439,0.984,0.153,23,1,hi_mum
m02477,yes!! i got the job,1534.7,1,4,0.181,0.681,14,0,personal
m02478,City of Calgary: your recycling pickup moves to Tuesday this week.,1118.5,133,2330,0.837,0.03,8,0,business_notification
m02479,can you grab milk on the way home,537.6,1,4,0.009,0.489,20,0,personal
m02480,"call me when you can, kinda urgent, it's about the car",340.2,0,9,0.056,0.547,18,0,personal
m02481,You're invited: Stampede Sports members' night Wednesday. Win prizes & more. Reply STOP to opt out,709.6,147,6675,0.962,0.008,19,0,marketing_legit
m02482,meet at work at 7:00?,2831.2,2,5,0.501,0.718,19,0,personal
m02483,"THAT'S FINE, SEE YOU SATURDAY",841.8,1,5,0.164,0.689,23,0,personal
m02484,Bow River Dental: reminder of your appointment Thursday at 3:45. Reply C to confirm or call 403-555-0142.,1572.2,122,1028,0.949,0.128,15,0,business_notification
m02485,"Hi, I'm a recruiter with a remote part-time role, $450/day, flexible hours. Interested?",8.9,5,374,0.892,0.123,10,1,job_offer
m02486,meet at work at 9:30?,503.2,2,6,0.044,0.747,13,0,personal
m02487,Maple Bean Coffee: FREE donut with any large coffee this weekend! Show this text. Reply STOP to opt out,321.3,672,2986,0.962,0.005,18,0,marketing_legit
m02488,ugh the c-train is delayed again,975.7,2,3,0.203,0.668,17,0,personal
m02489,did you see the game?? we win that one easy,735.3,3,3,0.02,0.659,18,0,personal
m02490,You're invited: Stampede Sports members' night Saturday. Win prizes & more. Reply STOP to opt out,1238.9,597,7675,0.916,0.038,11,0,marketing_legit
m02491,We attempted delivery of your parcel. Reschedule and pay the $1.99 fee at http://cp-redeliver-jzbw.top/pay within 48h.,2.4,42,595,0.899,0.025,9,1,parcel_fee
m02492,here's that video lol vid.example/3Vzia,616.2,0,3,0.07,0.5,21,0,personal
m02493,Your order from Chinook Books has shipped. Track: bowriverdental.ca/c,2289.8,184,9131,0.844,0.141,16,0,business_notification
m02494,ok sounds good,274.6,1,4,0.28,0.497,18,0,personal
m02495,Your Prairie Telecom bill of $14.08 is ready. View at chinookbooks.ca/track. Reply STOP to opt out.,847.1,151,1953,0.865,0.064,12,0,business_notification
m02496,"can't talk rn, in a meeting",1613.4,1,7,0.089,0.703,14,0,personal
m02497,Your Prairie Telecom bill of $10.92 is ready. View at chinookbooks.ca/track. Reply STOP to opt out.,4366.4,206,5939,0.999,0.078,11,0,business_notification
m02498,"sorry, who is this? your number was in my contacts",47.6,35,138,0.962,0.114,1,1,wrong_number
m02499,yes!! i got the job,2179.7,3,5,0.137,0.633,7,0,personal
m02500,yes!! i got the job,2089.6,0,3,0.138,0.581,7,0,personal
m02501,"Foothills Credit Union: a purchase of $77.54 was made on your card ending 7061. If this wasn't you, call the number on the back of your card.",1195.0,213,1862,0.791,0.024,18,0,business_notification
m02502,"that's fine, see you Thursday",2586.6,1,6,0.089,0.833,23,0,personal
m02503,omw,893.6,3,4,0.12,0.679,22,0,personal
m02504,City of Calgary: your recycling pickup moves to Saturday this week.,963.7,252,3575,0.955,0.128,20,0,business_notification
m02505,can you grab milk on the way home,1534.7,3,4,0.043,0.372,14,0,personal
m02506,can you grab milk on the way home,3413.1,2,2,0.028,0.522,18,0,personal
m02507,mom says call her,412.9,2,6,0.055,0.418,17,0,personal
m02508,"can't talk rn, in a meeting",379.5,1,4,0.082,0.668,18,0,personal
m02509,Your verification code is 729510. Do not share this code with anyone.,1450.5,136,3126,0.925,0.018,8,0,business_notification
m02510,Prairie Telecom: Upgrade today and get 2 months free. Details bowriverdental.ca/c Txt STOP to end,1138.5,665,2606,0.961,0.051,17,0,marketing_legit
m02511,did you see the game?? we win that one easy,643.8,0,2,0.068,0.53,16,0,personal
m02512,Bow River Dental: reminder of your appointment Tuesday at 11:00. Reply C to confirm or call 403-555-0142.,610.1,34,416,0.917,0.018,9,0,business_notification
m02513,Prairie Parcel: your package was delivered to your front door at 6:30.,3205.7,230,4606,0.992,0.014,10,0,business_notification
m02514,Your Prairie Telecom bill of $85.11 is ready. View at bowriverdental.ca/c. Reply STOP to opt out.,1060.5,719,436,0.824,0.008,16,0,business_notification
m02515,Prairie Parcel: your package was delivered to your front door at 10:15.,1475.5,381,2582,0.912,0.007,10,0,business_notification
m02516,ALERT: Unusual sign-in on your Foothills Credit Union account. Verify immediately at https://secure-fcu-verify.info/mwxdj or your account will be suspended.,4.0,157,1676,0.968,0.141,7,1,bank_phish
m02517,hey are you free Saturday night?,744.6,1,6,0.157,0.659,15,0,personal
m02518,Bow River Dental: reminder of your appointment Saturday at 10:15. Reply C to confirm or call 403-555-0142.,1695.3,601,2234,0.851,0.016,13,0,business_notification
m02519,here's that video lol vid.example/FKWgK,780.0,4,9,0.039,0.498,21,0,personal
m02520,good luck on your exam tmrw!,1077.8,1,4,0.242,0.668,13,0,personal
m02521,Prairie Parcel: your package is on hold due to unpaid shipping fee ($3.15). Pay now: https://secure-fcu-verify.info/uqhaa,0.2,104,571,0.954,0.016,21,1,parcel_fee
m02522,hey are you free Sunday night?,796.0,2,3,0.15,0.553,21,0,personal
m02523,happy birthday Priya!! have an amazing day,690.3,1,5,0.209,0.607,17,0,personal
m02524,lmk if you want tacos tonight,1430.6,2,4,0.323,0.283,18,0,personal
m02525,"hey its Kai, new number, save this one",775.5,2,7,0.104,0.671,17,0,personal
m02526,happy birthday Jordan!! have an amazing day,1107.8,0,5,0.0,0.644,8,0,personal
m02527,YES!! I GOT THE JOB,1684.8,2,5,0.045,0.501,10,0,personal
m02528,what time is dinner,315.1,1,5,0.04,0.181,21,0,personal
m02529,You're invited: Stampede Sports members' night Wednesday. Win prizes & more. Reply STOP to opt out,1152.5,788,8599,0.928,0.012,12,0,marketing_legit
m02530,ok sounds good,874.0,1,4,0.132,0.699,9,0,personal
m02531,meet at Chinook at 7:00?,420.6,0,6,0.114,0.544,8,0,personal
m02532,"running late, be there in 14 min",2.5,0,6,0.071,0.854,9,0,personal
m02533,GOOD LUCK ON YOUR EXAM TMRW!,280.7,1,3,0.049,0.542,20,0,personal
m02534,can you grab milk on the way home,520.2,2,3,0.256,0.299,21,0,personal
m02535,"can't talk rn, in a meeting",1674.2,1,6,0.066,0.427,23,0,personal
m02536,"i owe you $25 for the tacos btw, etransferring now",786.4,1,3,0.113,0.568,21,0,personal
m02537,"free tickets to the flames game from work, want one?",206.2,1,4,0.133,0.358,9,0,personal
m02538,did you remember to pay rent,1843.1,1,3,0.136,0.564,12,0,personal
m02539,good luck on your exam tmrw!,1384.3,2,5,0.313,0.449,21,0,personal
m02540,You're invited: Stampede Sports members' night Monday. Win prizes & more. Reply STOP to opt out,3029.5,212,6733,0.908,0.001,16,0,marketing_legit
m02541,"Foothills Credit Union: a purchase of $86.42 was made on your card ending 3539. If this wasn't you, call the number on the back of your card.",2167.2,430,1670,0.972,0.148,20,0,business_notification
m02542,"can't talk rn, in a meeting",308.4,0,3,0.221,0.544,20,0,personal
m02543,"running late, be there in 23 min",2836.4,2,4,0.062,0.44,19,0,personal
m02544,did you remember to pay rent,2825.6,2,9,0.018,0.478,20,0,personal
m02545,hey are you free Monday night?,4019.7,3,4,0.128,0.762,17,0,personal
m02546,"free tickets to the flames game from work, want one?",890.0,0,6,0.012,0.85,20,0,personal
m02547,Maple Bean Coffee: FREE donut with any large coffee this weekend! Show this text. Reply STOP to opt out,614.2,602,13022,0.935,0.002,13,0,marketing_legit
m02548,"hello, is this dr. ravi? i wanted to confirm our meeting monday",10.1,24,144,0.923,0.089,12,1,wrong_number
m02549,"Foothills Credit Union: a purchase of $13.40 was made on your card ending 3987. If this wasn't you, call the number on the back of your card.",1118.5,83,1296,0.99,0.085,16,0,business_notification
m02550,"that's fine, see you Sunday",850.6,3,6,0.113,0.442,21,0,personal
m02551,are u home? forgot my keys,314.9,2,7,0.38,0.724,20,0,personal
m02552,did you see the game?? we win that one easy,999.2,1,4,0.063,0.559,20,0,personal
m02553,can you grab milk on the way home,1381.4,1,3,0.211,0.594,11,0,personal
m02554,ugh the c-train is delayed again,249.1,2,5,0.042,0.845,20,0,personal
m02555,"running late, be there in 19 min",442.9,0,4,0.023,0.721,10,0,personal
m02556,lmk if you want pizza tonight,617.2,2,3,0.04,0.517,8,0,personal
m02557,"hey dad its me, new phone. can you do me a favour? need to pay a bill today",5.6,22,24,0.914,0.228,21,1,hi_mum
m02558,"i owe you $56 for the ramen btw, etransferring now",1497.5,0,7,0.161,0.754,14,0,personal
m02559,Congratulations! Your number won our monthly draw. Call 1-900-555-3550 to claim your CASH prize before midnight!,15.2,187,2578,0.95,0.044,17,1,prize
m02560,lmk if you want shawarma tonight,4908.3,1,4,0.166,0.618,16,0,personal
m02561,Prairie Telecom: Upgrade today and get 2 months free. Details prairietel.ca/bill Txt STOP to end,1878.2,325,6244,0.975,0.008,19,0,marketing_legit
m02562,"Hi, I'm a recruiter with a remote part-time role, $300/day, flexible hours. Interested?",6.4,6,318,0.78,0.194,12,1,job_offer
m02563,"hey its Maya, new number, save this one",394.0,2,4,0.161,0.371,8,0,personal
m02564,did you see the game?? we win that one easy,459.8,2,3,0.213,0.625,1,0,personal
m02565,what time is dinner,513.2,1,7,0.164,0.338,15,0,personal
m02566,what time is dinner,1878.8,2,4,0.042,0.573,18,0,personal
m02567,"can't talk rn, in a meeting",3602.8,1,4,0.016,0.546,17,0,personal
m02568,"call me when you can, kinda urgent, it's about the car",12.0,1,9,0.074,0.455,23,0,personal
m02569,Your order from Chinook Books has shipped. Track: chinookbooks.ca/track,1722.5,375,2209,0.955,0.05,18,0,business_notification
m02570,Prairie Parcel: your package was delivered to your front door at 6:30.,2599.1,102,3844,0.995,0.026,18,0,business_notification
m02571,hey are you free Monday night?,1282.9,2,2,0.042,0.644,13,0,personal
m02572,"hello, is this dr. priya? i wanted to confirm our meeting friday",5.4,10,86,0.916,0.405,10,1,wrong_number
m02573,"hello! we saw your resume online. simple online tasks, earn $250 daily. reply yes to learn more",2.1,17,113,0.807,0.11,22,1,job_offer
m02574,omw,1182.5,0,4,0.101,0.654,12,0,personal
m02575,happy birthday Jess!! have an amazing day,1209.1,1,3,0.099,0.677,9,0,personal
m02576,Your verification code is 355725. Do not share this code with anyone.,2224.7,748,6003,0.85,0.067,8,0,business_notification
m02577,DID YOU REMEMBER TO PAY RENT,6830.4,0,3,0.002,0.649,22,0,personal
m02578,"free tickets to the flames game from work, want one?",1970.7,1,4,0.311,0.716,18,0,personal
m02579,We attempted delivery of your parcel. Reschedule and pay the $3.15 fee at cra-refund-1ih8.xyz within 48h.,8.7,13,5122,0.978,0.003,11,1,parcel_fee
m02580,can you grab milk on the way home,1002.4,1,3,0.059,0.681,11,0,personal
m02581,lmk if you want tacos tonight,415.3,3,4,0.028,0.828,14,0,personal
m02582,can you grab milk on the way home,559.1,1,6,0.2,0.535,17,0,personal
m02583,"running late, be there in 17 min",1510.5,1,5,0.049,0.542,18,0,personal
m02584,Last chance! 30% off at Northern Outfitters ends tonight. Shop prairietel.ca/bill Reply STOP to unsubscribe,567.5,757,4047,0.841,0.033,10,0,marketing_legit
m02585,WHAT TIME IS DINNER,3899.1,0,3,0.007,0.69,22,0,personal
m02586,happy birthday Mo!! have an amazing day,934.7,4,9,0.356,0.513,23,0,personal
m02587,omw,702.8,1,4,0.062,0.566,11,0,personal
m02588,"free tickets to the flames game from work, want one?",1009.2,3,3,0.074,0.448,20,0,personal
m02589,yes!! i got the job,227.7,1,5,0.019,0.709,20,0,personal
m02590,"free tickets to the flames game from work, want one?",1409.7,4,4,0.167,0.46,9,0,personal
m02591,"free tickets to the flames game from work, want one?",1046.0,3,2,0.021,0.631,22,0,personal
m02592,You have 1 unclaimed reward from Canadian Rewards Club. Claim within 24hrs: https://secure-fcu-verify.info/rhu3v,1.8,234,999,0.992,0.037,8,1,prize
m02593,City of Calgary: your recycling pickup moves to Tuesday this week.,2584.1,208,1802,0.771,0.031,20,0,business_notification
m02594,"i owe you $25 for the tacos btw, etransferring now",2251.7,0,2,0.005,0.77,11,0,personal
m02595,Prairie Parcel: your package is on hold due to unpaid shipping fee ($1.99). Pay now: https://secure-fcu-verify.info/g8uuh,25.7,175,576,0.887,0.01,12,1,parcel_fee
m02596,"hey its Alex, new number, save this one",7772.7,2,6,0.056,0.496,16,0,personal
m02597,Your Prairie Telecom bill of $62.29 is ready. View at prairietel.ca/bill. Reply STOP to opt out.,2106.4,244,1102,0.833,0.005,11,0,business_notification
m02598,"running late, be there in 16 min",5.1,3,5,0.126,0.834,14,0,personal
m02599,We attempted delivery of your parcel. Reschedule and pay the $3.15 fee at cra-refund-qqeu.xyz within 48h.,11.4,73,1430,0.976,0.019,20,1,parcel_fee
m02600,Hi is this Alex? We met at the golf club last week,4.7,12,253,0.873,0.058,10,1,wrong_number
m02601,Prairie Telecom: Upgrade today and get 2 months free. Details northernoutfitters.ca/sale Txt STOP to end,709.7,1133,9730,0.786,0.021,13,0,marketing_legit
m02602,happy birthday Maya!! have an amazing day,2124.9,2,5,0.006,0.374,11,0,personal
m02603,"can't talk rn, in a meeting",517.4,1,5,0.134,0.585,15,0,personal
m02604,what time is dinner,235.3,1,6,0.07,0.672,17,0,personal
m02605,hey are you free Wednesday night?,847.9,0,4,0.009,0.615,13,0,personal
m02606,Maple Bean Coffee: FREE donut with any large coffee this weekend! Show this text. Reply STOP to opt out,830.3,157,5012,0.867,0.042,10,0,marketing_legit
m02607,lmk if you want pizza tonight,1680.7,4,9,0.039,0.711,9,0,personal
m02608,can you grab milk on the way home,933.9,1,4,0.113,0.73,17,0,personal
m02609,CRA: You have a pending refund of $711.99. Accept your deposit here cra-refund-scup.xyz,4.2,93,2766,0.955,0.012,12,1,tax_refund
m02610,happy birthday Omar!! have an amazing day,5.7,2,8,0.026,0.794,9,0,personal
m02611,"that's fine, see you Saturday",1445.5,1,5,0.132,0.617,12,0,personal
m02612,Bow River Dental: reminder of your appointment Saturday at 10:15. Reply C to confirm or call 403-555-0142.,1259.9,149,5069,0.844,0.257,18,0,business_notification
m02613,You're invited: Stampede Sports members' night Friday. Win prizes & more. Reply STOP to opt out,978.5,616,5233,0.954,0.013,18,0,marketing_legit
m02614,ALERT: Unusual sign-in on your Foothills Credit Union account. Verify immediately at http://rewards-ca.link/QPamJ or your account will be suspended.,25.5,127,790,0.988,0.003,0,1,bank_phish
m02615,Maple Bean Coffee: FREE donut with any large coffee this weekend! Show this text. Reply STOP to opt out,549.9,371,3007,0.751,0.021,12,0,marketing_legit
m02616,ugh the c-train is delayed again,6.4,0,5,0.078,0.757,19,0,personal
m02617,"that's fine, see you Saturday",14.3,2,5,0.052,0.44,15,0,personal
m02618,Prairie Parcel: your package is on hold due to unpaid shipping fee ($3.15). Pay now: cra-refund-6hs5.xyz,3.3,240,1242,0.936,0.02,21,1,parcel_fee
m02619,lol that was so funny,918.9,2,4,0.041,0.467,13,0,personal
m02620,"i owe you $67 for the shawarma btw, etransferring now",1597.0,5,2,0.167,0.774,18,0,personal
m02621,Prairie Parcel: your package is on hold due to unpaid shipping fee ($1.99). Pay now: http://cp-redeliver-w3ek.top/pay,1.5,24,491,0.969,0.001,19,1,parcel_fee
m02622,City of Calgary: your recycling pickup moves to Tuesday this week.,923.8,68,742,0.939,0.068,17,0,business_notification
m02623,did you remember to pay rent,686.5,1,6,0.049,0.641,19,0,personal
m02624,Hi is this Mo? We met at the golf club last week,44.2,4,108,0.897,0.132,11,1,wrong_number
m02625,lol that was so funny,1037.2,4,8,0.079,0.702,11,0,personal
m02626,"free tickets to the flames game from work, want one?",609.2,0,4,0.132,0.513,11,0,personal
m02627,lmk if you want ramen tonight,1102.6,3,7,0.211,0.701,0,0,personal
m02628,happy birthday Omar!! have an amazing day,942.7,1,7,0.07,0.601,12,0,personal
m02629,Your verification code is 388495. Do not share this code with anyone.,3249.8,458,3855,0.99,0.017,17,0,business_notification
m02630,yes!! i got the job,1133.4,1,3,0.427,0.861,18,0,personal
m02631,"call me when you can, kinda urgent, it's about the car",819.7,2,5,0.041,0.807,19,0,personal
m02632,"can't talk rn, in a meeting",390.8,1,6,0.064,0.712,18,0,personal
m02633,can you grab milk on the way home,628.8,0,5,0.028,0.846,5,0,personal
m02634,good luck on your exam tmrw!,515.2,3,7,0.122,0.448,23,0,personal
m02635,can you grab milk on the way home,759.3,3,5,0.011,0.721,0,0,personal
m02636,Prairie Telecom: Upgrade today and get 2 months free. Details chinookbooks.ca/track Txt STOP to end,2595.3,578,9606,0.797,0.04,14,0,marketing_legit
m02637,did you remember to pay rent,729.8,4,4,0.051,0.542,9,0,personal
m02638,City of Calgary: your recycling pickup moves to Saturday this week.,3731.3,142,5683,0.988,0.039,14,0,business_notification
m02639,Security notice: your card has been locked. Confirm your identity now https://secure-fcu-verify.info/lmgbz,8.3,364,417,0.932,0.069,19,1,bank_phish
m02640,Your order from Chinook Books has shipped. Track: bowriverdental.ca/c,1659.0,191,1254,0.987,0.003,17,0,business_notification
m02641,can you grab milk on the way home,1970.7,4,4,0.06,0.579,20,0,personal
m02642,yes!! i got the job,409.9,2,4,0.008,0.579,8,0,personal
m02643,are u home? forgot my keys,229.4,2,7,0.152,0.445,15,0,personal
m02644,lmk if you want ramen tonight,5999.0,0,7,0.033,0.624,21,0,personal
m02645,"hey its Chloe, new number, save this one",1036.3,2,9,0.112,0.408,19,0,personal
m02646,You're invited: Stampede Sports members' night Wednesday. Win prizes & more. Reply STOP to opt out,909.9,695,17086,0.873,0.032,16,0,marketing_legit
m02647,Prairie Parcel: your package was delivered to your front door at 6:30.,2728.7,872,1937,0.861,0.013,16,0,business_notification
m02648,"thanks for today, had a great time",684.2,2,9,0.095,0.439,20,0,personal
m02649,Maple Bean Coffee: FREE donut with any large coffee this weekend! Show this text. Reply STOP to opt out,1384.3,382,12604,0.932,0.008,19,0,marketing_legit
m02650,You have 1 unclaimed reward from Canadian Rewards Club. Claim within 24hrs: https://secure-fcu-verify.info/pgmmn,2.1,234,1545,0.926,0.006,20,1,prize
m02651,"free tickets to the flames game from work, want one?",1277.7,4,5,0.05,0.809,19,0,personal
m02652,ok sounds good,392.1,0,6,0.001,0.65,18,0,personal
m02653,"free tickets to the flames game from work, want one?",444.0,1,6,0.105,0.575,19,0,personal
m02654,ugh the c-train is delayed again,316.2,2,6,0.036,0.367,18,0,personal
m02655,"call me when you can, kinda urgent, it's about the car",851.0,1,5,0.023,0.529,16,0,personal
m02656,ugh the c-train is delayed again,1124.4,1,7,0.002,0.487,22,0,personal
m02657,Security notice: your card has been locked. Confirm your identity now http://rewards-ca.link/2PwaO,22.6,172,891,0.987,0.067,18,1,bank_phish
m02658,We attempted delivery of your parcel. Reschedule and pay the $1.99 fee at bit.ly/1tGNEw within 48h.,6.6,44,756,0.957,0.002,8,1,parcel_fee
m02659,"free tickets to the flames game from work, want one?",921.3,2,5,0.017,0.524,9,0,personal
m02660,what time is dinner,2.3,1,4,0.052,0.761,13,0,personal
m02661,Prairie Parcel: your package was delivered to your front door at 6:30.,967.9,230,2824,0.884,0.054,11,0,business_notification
m02662,"sorry, who is this? your number was in my contacts",85.5,12,18,0.979,0.074,16,1,wrong_number
m02663,hey are you free Monday night?,1399.0,2,5,0.027,0.888,23,0,personal
m02664,can you grab milk on the way home,6519.1,6,5,0.061,0.668,17,0,personal
m02665,"can't talk rn, in a meeting",341.5,2,4,0.105,0.575,20,0,personal
m02666,You're invited: Stampede Sports members' night Thursday. Win prizes & more. Reply STOP to opt out,1359.2,358,2615,0.945,0.002,13,0,marketing_legit
m02667,are u home? forgot my keys,340.4,1,4,0.188,0.381,20,0,personal
m02668,Maple Bean Coffee: FREE donut with any large coffee this weekend! Show this text. Reply STOP to opt out,6618.5,367,3414,0.917,0.028,16,0,marketing_legit
m02669,lol that was so funny,2141.1,2,5,0.59,0.677,22,0,personal
m02670,"WINNER!! You have been selected to receive a $1,000 gift card. Claim now at https://secure-fcu-verify.info/nd3ai",34.4,240,3047,0.99,0.011,3,1,prize
m02671,did you remember to pay rent,510.8,1,7,0.167,0.319,16,0,personal
m02672,Bow River Dental: reminder of your appointment Tuesday at 2:00. Reply C to confirm or call 403-555-0142.,849.1,402,6158,0.991,0.028,20,0,business_notification
m02673,ugh the c-train is delayed again,1193.4,0,4,0.217,0.85,17,0,personal
m02674,"Hi it's Jess, lost my phone. Can you send me $340 by etransfer, I'll pay you back tomorrow",17.9,5,181,0.936,0.017,14,1,hi_mum
m02675,"running late, be there in 6 min",2734.0,0,6,0.168,0.51,8,0,personal
m02676,"free tickets to the flames game from work, want one?",407.8,3,9,0.007,0.62,11,0,personal
m02677,what time is dinner,924.0,5,2,0.091,0.4,14,0,personal
m02678,meet at Nose Hill at 10:15?,639.3,0,5,0.152,0.373,14,0,personal
m02679,"Hello, is this Dr. Mo? I wanted to confirm our meeting Wednesday",17.0,148,195,0.914,0.099,10,1,wrong_number
m02680,happy birthday Jordan!! have an amazing day,192.2,2,4,0.201,0.686,21,0,personal
m02681,Your Prairie Telecom bill of $37.80 is ready. View at mplbn.ca/deal. Reply STOP to opt out.,2768.9,293,1268,0.991,0.012,20,0,business_notification
m02682,"free tickets to the flames game from work, want one?",664.3,3,4,0.038,0.787,23,0,personal
m02683,"hey its Priya, new number, save this one",813.8,0,4,0.088,0.833,17,0,personal
m02684,"can't talk rn, in a meeting",502.5,1,3,0.371,0.479,20,0,personal
m02685,mom says call her,430.4,1,3,0.049,0.389,19,0,personal
m02686,Your order from Chinook Books has shipped. Track: northernoutfitters.ca/sale,993.1,102,14656,0.96,0.028,11,0,business_notification
m02687,"thanks for today, had a great time",856.8,3,5,0.103,0.601,22,0,personal
m02688,"thanks for today, had a great time",638.2,2,6,0.065,0.469,13,0,personal
m02689,mom says call her,598.1,1,6,0.295,0.412,21,0,personal
m02690,City of Calgary: your recycling pickup moves to Tuesday this week.,1768.7,336,854,0.928,0.06,12,0,business_notification
m02691,did you see the game?? we win that one easy,637.5,2,3,0.085,0.484,21,0,personal
m02692,"can't talk rn, in a meeting",961.9,0,5,0.015,0.388,19,0,personal
m02693,"hey its Omar, new number, save this one",676.4,2,4,0.039,0.844,23,0,personal
m02694,City of Calgary: your recycling pickup moves to Friday this week.,1445.1,1987,5315,0.799,0.072,13,0,business_notification
m02695,"hello! we saw your resume online. simple online tasks, earn $250 daily. reply yes to learn more",3.6,16,96,0.846,0.025,18,1,job_offer
m02696,We attempted delivery of your parcel. Reschedule and pay the $3.15 fee at http://cp-redeliver-byhp.top/pay within 48h.,2.9,46,3762,0.953,0.034,5,1,parcel_fee
m02697,Prairie Parcel: your package was delivered to your front door at 6:30.,2884.6,255,4350,0.979,0.047,13,0,business_notification
m02698,omw,553.9,2,4,0.145,0.609,14,0,personal
m02699,what time is dinner,760.3,1,3,0.011,0.597,15,0,personal
m02700,"Hi mum, this is my new number, my phone broke. can you text me back here",37.3,42,359,0.953,0.034,8,1,hi_mum
m02701,happy birthday Kai!! have an amazing day,305.5,1,3,0.028,0.729,21,0,personal
m02702,happy birthday Omar!! have an amazing day,1105.3,1,7,0.076,0.174,19,0,personal
m02703,"that's fine, see you Friday",974.6,2,3,0.17,0.564,14,0,personal
m02704,omw,3801.2,0,5,0.106,0.699,17,0,personal
m02705,ok sounds good,1960.2,2,5,0.164,0.807,19,0,personal
m02706,Prairie Telecom: Upgrade today and get 2 months free. Details bowriverdental.ca/c Txt STOP to end,1143.0,531,4216,0.971,0.05,12,0,marketing_legit
m02707,mom says call her,2430.8,3,2,0.104,0.478,19,0,personal
m02708,Bow River Dental: reminder of your appointment Friday at 11:00. Reply C to confirm or call 403-555-0142.,1966.0,226,2073,0.992,0.013,12,0,business_notification
m02709,happy birthday Omar!! have an amazing day,2319.8,2,4,0.054,0.791,18,0,personal
m02710,lmk if you want sushi tonight,886.4,3,5,0.089,0.592,13,0,personal
m02711,"I OWE YOU $63 FOR THE RAMEN BTW, ETRANSFERRING NOW",566.4,2,4,0.012,0.384,19,0,personal
m02712,CRA: You have a pending refund of $613.54. Accept your deposit here cra-refund-91xh.xyz,6.6,340,1030,0.994,0.041,23,1,tax_refund
m02713,"Hi mum, this is my new number, my phone broke. can you text me back here",1677.2,12,43,0.398,0.278,8,1,hi_mum
m02714,hey are you free Sunday night?,877.9,3,3,0.053,0.786,12,0,personal
m02715,did you remember to pay rent,869.5,2,3,0.096,0.74,20,0,personal
m02716,GOOD LUCK ON YOUR EXAM TMRW!,694.4,1,6,0.012,0.729,20,0,personal
m02717,Your verification code is 911068. Do not share this code with anyone.,775.0,322,1732,0.824,0.091,18,0,business_notification
m02718,Prairie Parcel: your package was delivered to your front door at 7:00.,963.5,288,2538,0.982,0.05,14,0,business_notification
m02719,Prairie Parcel: your package is on hold due to unpaid shipping fee ($1.99). Pay now: bit.ly/Nh3leX,18.1,60,1132,0.864,0.012,14,1,parcel_fee
m02720,did you see the game?? we win that one easy,1015.9,5,9,0.061,0.948,14,0,personal
m02721,ugh the c-train is delayed again,9.2,3,6,0.05,0.655,17,0,personal
m02722,"hey its Ravi, new number, save this one",1094.4,2,5,0.014,0.756,13,0,personal
m02723,"Government of Canada: you are eligible for a benefit payment of $668.15. Final notice, apply at https://secure-fcu-verify.info/mrq5q",0.9,63,1915,0.98,0.038,12,1,tax_refund
m02724,meet at Kensington at 2:00?,674.3,2,4,0.002,0.565,13,0,personal
m02725,mom says call her,366.7,0,5,0.163,0.425,20,0,personal
m02726,yes!! i got the job,2026.9,1,7,0.067,0.545,15,0,personal
m02727,here's that video lol vid.example/I0ldz,529.0,1,4,0.227,0.487,19,0,personal
m02728,"call me when you can, kinda urgent, it's about the car",427.5,1,6,0.004,0.638,21,0,personal
m02729,Last chance! 30% off at Northern Outfitters ends tonight. Shop prairietel.ca/bill Reply STOP to unsubscribe,756.8,652,4910,0.944,0.042,14,0,marketing_legit
m02730,are u home? forgot my keys,650.1,2,6,0.045,0.865,12,0,personal
m02731,Prairie Telecom: Upgrade today and get 2 months free. Details prairietel.ca/bill Txt STOP to end,1034.5,443,5971,0.675,0.041,19,0,marketing_legit
m02732,did you see the game?? we win that one easy,1582.4,3,4,0.257,0.519,11,0,personal
m02733,Prairie Parcel: your package was delivered to your front door at 7:00.,1033.8,231,2119,0.909,0.051,10,0,business_notification
m02734,"free tickets to the flames game from work, want one?",483.8,2,4,0.245,0.523,21,0,personal
m02735,yes!! i got the job,1755.0,3,4,0.011,0.676,14,0,personal
m02736,what time is dinner,1197.1,2,2,0.047,0.502,10,0,personal
m02737,Your order from Chinook Books has shipped. Track: mplbn.ca/deal,2025.5,325,1569,0.674,0.081,16,0,business_notification
m02738,City of Calgary: your recycling pickup moves to Wednesday this week.,1144.4,219,2170,0.968,0.036,20,0,business_notification
m02739,Bow River Dental: reminder of your appointment Monday at 2:00. Reply C to confirm or call 403-555-0142.,1813.2,170,604,0.792,0.219,9,0,business_notification
m02740,Prairie Parcel: your package is on hold due to unpaid shipping fee ($2.49). Pay now: bit.ly/vd7vzf,3.1,256,1396,0.987,0.135,18,1,parcel_fee
m02741,"Foothills Credit Union: a purchase of $59.27 was made on your card ending 3101. If this wasn't you, call the number on the back of your card.",1152.1,124,5747,0.835,0.105,18,0,business_notification
m02742,"i owe you $46 for the sushi btw, etransferring now",654.3,2,2,0.045,0.712,20,0,personal
m02743,"can't talk rn, in a meeting",378.6,2,6,0.141,0.83,21,0,personal
m02744,"hey its Lena, new number, save this one",10.2,4,7,0.142,0.484,21,0,personal
m02745,Your order from Chinook Books has shipped. Track: mplbn.ca/deal,1753.1,158,4323,0.882,0.341,19,0,business_notification
m02746,"Hi mum, this is my new number, my phone broke. can you text me back here",7.1,13,184,0.933,0.146,15,1,hi_mum
m02747,"hello! we saw your resume online. simple online tasks, earn $250 daily. reply yes to learn more",89.0,12,47,0.947,0.202,8,1,job_offer
m02748,"Hello, is this Dr. Jess? I wanted to confirm our meeting Saturday",1.3,11,107,0.932,0.065,15,1,wrong_number
m02749,"Foothills Credit Union: a purchase of $87.33 was made on your card ending 9439. If this wasn't you, call the number on the back of your card.",1816.4,100,2497,0.992,0.018,10,0,business_notification
m02750,Prairie Parcel: your package was delivered to your front door at 2:00.,1232.5,595,514,0.905,0.0,9,0,business_notification
m02751,"hi mum, this is my new number, my phone broke. can you text me back here",27.4,10,304,0.993,0.294,16,1,hi_mum
m02752,Bow River Dental: reminder of your appointment Sunday at 3:45. Reply C to confirm or call 403-555-0142.,2364.7,273,7079,0.95,0.073,19,0,business_notification
m02753,"free tickets to the flames game from work, want one?",351.2,1,4,0.036,0.455,21,0,personal
m02754,Prairie Parcel: your package is on hold due to unpaid shipping fee ($1.99). Pay now: bit.ly/DkW0hd,3.8,436,287,0.869,0.011,22,1,parcel_fee
m02755,"hey its Ravi, new number, save this one",702.4,2,9,0.074,0.756,14,0,personal
m02756,"Government of Canada: you are eligible for a benefit payment of $321.30. Final notice, apply at cra-refund-d5v9.xyz",9.1,316,1301,0.926,0.013,22,1,tax_refund
m02757,"call me when you can, kinda urgent, it's about the car",1239.3,1,5,0.163,0.575,7,0,personal
m02758,Prairie Parcel: your package was delivered to your front door at 10:15.,1115.5,256,2306,0.982,0.017,9,0,business_notification
m02759,"Hi mum, this is my new number, my phone broke. can you text me back here",1.6,5,45,0.99,0.07,10,1,hi_mum
m02760,Your Interac e-Transfer of $52.53 is pending. Accept deposit: bit.ly/bnQz5A,1.2,29,1260,0.987,0.063,8,1,bank_phish
m02761,"Foothills Credit Union: a purchase of $92.08 was made on your card ending 5388. If this wasn't you, call the number on the back of your card.",1162.8,296,794,0.97,0.132,10,0,business_notification
m02762,lmk if you want pizza tonight,439.8,1,7,0.199,0.73,13,0,personal
m02763,did you see the game?? we win that one easy,359.9,3,6,0.044,0.476,9,0,personal
m02764,You have 1 unclaimed reward from Canadian Rewards Club. Claim within 24hrs: http://cp-redeliver-aq2h.top/pay,1.9,167,276,0.995,0.007,16,1,prize
m02765,"hey its Kai, new number, save this one",349.4,2,3,0.031,0.52,18,0,personal
m02766,yes!! i got the job,1442.3,1,9,0.125,0.338,22,0,personal
m02767,"i owe you $33 for the tacos btw, etransferring now",839.6,2,5,0.046,0.388,21,0,personal
m02768,lol that was so funny,745.8,1,6,0.002,0.489,17,0,personal
m02769,"WINNER!! You have been selected to receive a $1,000 gift card. Claim now at http://rewards-ca.link/iqsxs",5.0,294,1592,0.981,0.054,0,1,prize
m02770,yes!! i got the job,768.3,1,8,0.272,0.363,13,0,personal
m02771,happy birthday Ravi!! have an amazing day,614.1,2,5,0.062,0.606,0,0,personal
m02772,did you remember to pay rent,509.3,1,5,0.111,0.614,9,0,personal
m02773,are u home? forgot my keys,3028.3,0,6,0.083,0.447,16,0,personal
m02774,"free tickets to the flames game from work, want one?",333.7,0,4,0.025,0.649,23,0,personal
m02775,CRA: You have a pending refund of $726.19. Accept your deposit here http://cp-redeliver-ud8c.top/pay,10.8,113,5567,0.873,0.013,8,1,tax_refund
m02776,You're invited: Stampede Sports members' night Sunday. Win prizes & more. Reply STOP to opt out,1018.5,522,6014,0.92,0.022,18,0,marketing_legit
m02777,"Foothills Credit Union: a purchase of $89.51 was made on your card ending 9400. If this wasn't you, call the number on the back of your card.",1468.4,688,3471,0.937,0.048,8,0,business_notification
m02778,what time is dinner,100.4,1,7,0.311,0.68,11,0,personal
m02779,"that's fine, see you Friday",1892.2,4,2,0.027,0.711,21,0,personal
m02780,Maple Bean Coffee: FREE donut with any large coffee this weekend! Show this text. Reply STOP to opt out,666.9,854,8813,0.911,0.0,17,0,marketing_legit
m02781,"running late, be there in 17 min",868.3,3,6,0.054,0.666,21,0,personal
m02782,ARE U HOME? FORGOT MY KEYS,2178.1,1,2,0.01,0.615,0,0,personal
m02783,"running late, be there in 19 min",443.2,2,5,0.141,0.47,12,0,personal
m02784,did you remember to pay rent,166.8,1,5,0.09,0.578,9,0,personal
m02785,"hey its Priya, new number, save this one",1599.0,3,6,0.084,0.503,21,0,personal
m02786,Your Prairie Telecom bill of $52.03 is ready. View at mplbn.ca/deal. Reply STOP to opt out.,1666.8,356,691,0.9,0.024,14,0,business_notification
m02787,"hey dad its me, new phone. can you do me a favour? need to pay a bill today",0.7,5,29,0.975,0.028,16,1,hi_mum
m02788,Your Prairie Telecom bill of $74.45 is ready. View at chinookbooks.ca/track. Reply STOP to opt out.,1645.6,143,3845,0.715,0.084,16,0,business_notification
m02789,lol that was so funny,2064.7,2,5,0.165,0.768,21,0,personal
m02790,meet at Chinook at 2:00?,618.7,3,4,0.12,0.489,16,0,personal
m02791,good luck on your exam tmrw!,639.1,1,7,0.233,0.705,16,0,personal
m02792,"Hello, is this Dr. Alex? I wanted to confirm our meeting Tuesday",6.3,27,270,0.974,0.146,16,1,wrong_number
m02793,Your order from Chinook Books has shipped. Track: prairietel.ca/bill,2145.2,139,1144,0.854,0.087,19,0,business_notification
m02794,City of Calgary: your recycling pickup moves to Saturday this week.,1060.4,199,1762,0.981,0.019,10,0,business_notification
m02795,your interac e-transfer of $68.66 is pending. accept deposit: https://secure-fcu-verify.info/8haa3,1040.2,12,44,0.47,0.108,8,1,bank_phish
m02796,good luck on your exam tmrw!,422.4,0,6,0.146,0.266,9,0,personal
m02797,mom says call her,1646.1,4,3,0.006,0.659,10,0,personal
m02798,Your verification code is 678927. Do not share this code with anyone.,648.2,234,4655,0.991,0.114,10,0,business_notification
m02799,Your verification code is 718289. Do not share this code with anyone.,1835.6,326,1167,0.947,0.056,8,0,business_notification
m02800,"thanks for today, had a great time",2292.3,2,6,0.036,0.825,21,0,personal
m02801,Your verification code is 476044. Do not share this code with anyone.,822.3,771,2337,0.991,0.049,13,0,business_notification
m02802,"Hi mum, this is my new number, my phone broke. can you text me back here",16.0,21,234,0.906,0.074,17,1,hi_mum
m02803,"that's fine, see you Monday",1427.9,0,4,0.001,0.293,14,0,personal
m02804,Maple Bean Coffee: FREE donut with any large coffee this weekend! Show this text. Reply STOP to opt out,373.7,512,4398,0.921,0.091,13,0,marketing_legit
m02805,yes!! i got the job,775.4,0,7,0.002,0.496,7,0,personal
m02806,Maple Bean Coffee: FREE donut with any large coffee this weekend! Show this text. Reply STOP to opt out,999.0,270,14800,0.919,0.004,10,0,marketing_legit
m02807,Your verification code is 880057. Do not share this code with anyone.,2001.2,244,3229,0.985,0.102,12,0,business_notification
m02808,"call me when you can, kinda urgent, it's about the car",448.1,1,6,0.036,0.602,9,0,personal
m02809,what time is dinner,430.2,3,6,0.026,0.482,6,0,personal
m02810,lol that was so funny,4837.5,4,6,0.036,0.658,10,0,personal
m02811,Prairie Telecom: Upgrade today and get 2 months free. Details chinookbooks.ca/track Txt STOP to end,1649.2,710,3044,0.682,0.005,13,0,marketing_legit
m02812,ugh the c-train is delayed again,1024.4,4,8,0.168,0.345,20,0,personal
m02813,lmk if you want shawarma tonight,704.6,1,4,0.021,0.582,15,0,personal
m02814,happy birthday Maya!! have an amazing day,802.4,3,4,0.034,0.592,23,0,personal
m02815,meet at the coffee place at 3:45?,308.8,2,7,0.023,0.58,18,0,personal
m02816,ok sounds good,579.5,1,3,0.128,0.568,15,0,personal
m02817,Security notice: your card has been locked. Confirm your identity now cra-refund-def4.xyz,3.0,49,706,0.948,0.027,6,1,bank_phish
m02818,"thanks for today, had a great time",1977.0,1,7,0.008,0.697,16,0,personal
m02819,CRA: You have a pending refund of $174.94. Accept your deposit here http://cp-redeliver-tf3u.top/pay,15.4,155,503,0.957,0.006,8,1,tax_refund
m02820,City of Calgary: your recycling pickup moves to Monday this week.,1433.1,324,13416,0.905,0.063,16,0,business_notification
m02821,ok sounds good,566.3,2,7,0.103,0.452,22,0,personal
m02822,WINNER!! You have been selected to receive a $500 gift card. Claim now at cra-refund-5pbz.xyz,973.4,7,40,0.63,0.035,9,1,prize
m02823,yes!! i got the job,2430.4,2,5,0.099,0.441,20,0,personal
m02824,are u home? forgot my keys,1730.0,0,3,0.018,0.507,18,0,personal
m02825,Your order from Chinook Books has shipped. Track: prairietel.ca/bill,2672.2,136,6623,0.754,0.163,18,0,business_notification
m02826,ugh the c-train is delayed again,1101.8,0,7,0.006,0.614,12,0,personal
m02827,You're invited: Stampede Sports members' night Saturday. Win prizes & more. Reply STOP to opt out,641.9,1229,4053,0.954,0.001,15,0,marketing_legit
m02828,Your order from Chinook Books has shipped. Track: mplbn.ca/deal,1489.4,365,3476,0.958,0.001,13,0,business_notification
m02829,here's that video lol vid.example/FZIum,939.6,0,6,0.112,0.671,11,0,personal
m02830,meet at Nose Hill at 10:15?,8.7,0,4,0.125,0.73,7,0,personal
m02831,here's that video lol vid.example/5tseY,1265.3,3,3,0.244,0.708,17,0,personal
m02832,"free tickets to the flames game from work, want one?",463.1,0,9,0.066,0.48,15,0,personal
m02833,Prairie Parcel: your package was delivered to your front door at 2:00.,1530.3,363,3767,0.921,0.055,17,0,business_notification
m02834,what time is dinner,638.3,1,7,0.018,0.231,12,0,personal
m02835,"hey its Alex, new number, save this one",580.2,1,7,0.012,0.411,12,0,personal
m02836,"sorry, who is this? your number was in my contacts",4.9,21,298,0.995,0.431,14,1,wrong_number
m02837,"free tickets to the flames game from work, want one?",1570.6,2,3,0.148,0.691,20,0,personal
m02838,"Hi it's Jordan, lost my phone. Can you send me $520 by etransfer, I'll pay you back tomorrow",10.9,28,272,0.954,0.134,1,1,hi_mum
m02839,lmk if you want tacos tonight,946.9,3,8,0.052,0.442,12,0,personal
m02840,here's that video lol vid.example/rHOle,2314.7,1,6,0.164,0.769,20,0,personal
m02841,Your Prairie Telecom bill of $88.49 is ready. View at northernoutfitters.ca/sale. Reply STOP to opt out.,1117.7,305,1972,0.67,0.026,15,0,business_notification
m02842,yes!! i got the job,1490.6,1,4,0.577,0.306,15,0,personal
m02843,Prairie Parcel: your package was delivered to your front door at 10:15.,2003.3,414,1901,0.879,0.104,8,0,business_notification
m02844,City of Calgary: your recycling pickup moves to Thursday this week.,2565.6,128,1761,0.941,0.047,14,0,business_notification
m02845,Prairie Telecom: Upgrade today and get 2 months free. Details prairietel.ca/bill Txt STOP to end,1637.6,938,3546,0.832,0.015,11,0,marketing_legit
m02846,"WINNER!! You have been selected to receive a $1,000 gift card. Claim now at http://rewards-ca.link/vxQlc",2552.0,2,41,0.782,0.01,1,1,prize
m02847,Your order from Chinook Books has shipped. Track: mplbn.ca/deal,1806.9,79,721,0.899,0.011,11,0,business_notification
m02848,what time is dinner,636.3,2,6,0.001,0.574,10,0,personal
m02849,CRA: You have a pending refund of $777.14. Accept your deposit here http://rewards-ca.link/iHptc,5794.8,8,46,0.516,0.012,9,1,tax_refund
m02850,"can't talk rn, in a meeting",1141.8,2,6,0.132,0.646,12,0,personal
m02851,mom says call her,1957.5,2,3,0.015,0.657,9,0,personal
m02852,meet at the Superstore at 2:00?,217.0,0,7,0.12,0.744,18,0,personal
m02853,You're invited: Stampede Sports members' night Wednesday. Win prizes & more. Reply STOP to opt out,1017.1,488,10136,0.974,0.012,14,0,marketing_legit
m02854,can you grab milk on the way home,811.9,1,3,0.106,0.562,14,0,personal
m02855,You're invited: Stampede Sports members' night Friday. Win prizes & more. Reply STOP to opt out,1715.0,667,8413,0.873,0.06,14,0,marketing_legit
m02856,"i owe you $83 for the sushi btw, etransferring now",1984.3,2,7,0.068,0.729,20,0,personal
m02857,"Foothills Credit Union: a purchase of $53.89 was made on your card ending 6608. If this wasn't you, call the number on the back of your card.",2087.0,150,1934,0.992,0.037,16,0,business_notification
m02858,Your order from Chinook Books has shipped. Track: mplbn.ca/deal,3376.3,188,2955,0.873,0.008,12,0,business_notification
m02859,"Foothills Credit Union: a purchase of $77.31 was made on your card ending 2470. If this wasn't you, call the number on the back of your card.",908.0,502,1546,0.963,0.107,16,0,business_notification
m02860,"hi it's omar, lost my phone. can you send me $390 by etransfer, i'll pay you back tomorrow",7.7,67,19,0.958,0.243,3,1,hi_mum
m02861,Prairie Telecom: Upgrade today and get 2 months free. Details mplbn.ca/deal Txt STOP to end,1415.5,1197,2101,0.972,0.033,19,0,marketing_legit
m02862,Prairie Telecom: Upgrade today and get 2 months free. Details prairietel.ca/bill Txt STOP to end,1524.8,552,13410,0.982,0.092,12,0,marketing_legit
m02863,ugh the c-train is delayed again,265.3,3,4,0.062,0.478,11,0,personal
m02864,"thanks for today, had a great time",190.3,1,3,0.523,0.81,11,0,personal
m02865,are u home? forgot my keys,687.9,1,3,0.023,0.454,0,0,personal
m02866,"CALL ME WHEN YOU CAN, KINDA URGENT, IT'S ABOUT THE CAR",840.6,4,7,0.25,0.768,12,0,personal
m02867,good luck on your exam tmrw!,1865.8,0,1,0.136,0.637,14,0,personal
m02868,security notice: your card has been locked. confirm your identity now bit.ly/avgfeg,4.9,51,1345,0.96,0.062,17,1,bank_phish
m02869,did you see the game?? we win that one easy,1555.8,1,6,0.014,0.706,23,0,personal
m02870,"free tickets to the flames game from work, want one?",195.6,1,4,0.167,0.844,20,0,personal
m02871,"running late, be there in 21 min",321.1,1,6,0.016,0.561,20,0,personal
m02872,Security notice: your card has been locked. Confirm your identity now bit.ly/bexora,3.3,140,2580,0.996,0.042,19,1,bank_phish
m02873,omw,2066.6,1,2,0.027,0.478,17,0,personal
m02874,"thanks for today, had a great time",3012.3,2,7,0.104,0.834,6,0,personal
m02875,"i owe you $80 for the pizza btw, etransferring now",509.1,1,2,0.003,0.479,12,0,personal
m02876,ok sounds good,412.3,4,7,0.061,0.587,7,0,personal
m02877,did you remember to pay rent,643.6,2,4,0.079,0.665,11,0,personal
m02878,yes!! i got the job,1638.0,2,4,0.216,0.497,12,0,personal
m02879,hi is this maya? we met at the golf club last week,2.3,33,1678,0.983,0.07,13,1,wrong_number
m02880,"hey its Chloe, new number, save this one",981.2,1,4,0.041,0.462,21,0,personal
m02881,"can't talk rn, in a meeting",984.2,4,3,0.006,0.592,13,0,personal
m02882,City of Calgary: your recycling pickup moves to Friday this week.,1656.1,159,1078,0.832,0.019,8,0,business_notification
m02883,did you see the game?? we win that one easy,393.7,1,7,0.087,0.526,10,0,personal
m02884,"Foothills Credit Union: a purchase of $32.31 was made on your card ending 4412. If this wasn't you, call the number on the back of your card.",469.0,401,1298,0.919,0.04,11,0,business_notification
m02885,"can't talk rn, in a meeting",780.9,3,3,0.034,0.661,8,0,personal
m02886,"THANKS FOR TODAY, HAD A GREAT TIME",1267.4,0,7,0.005,0.819,21,0,personal
m02887,Security notice: your card has been locked. Confirm your identity now cra-refund-qhyy.xyz,5.9,189,375,0.987,0.048,12,1,bank_phish
m02888,"I OWE YOU $58 FOR THE TACOS BTW, ETRANSFERRING NOW",2266.0,1,7,0.262,0.513,10,0,personal
m02889,You're invited: Stampede Sports members' night Friday. Win prizes & more. Reply STOP to opt out,4035.1,818,4810,0.933,0.002,17,0,marketing_legit
m02890,alert: unusual sign-in on your foothills credit union account. verify immediately at http://cp-redeliver-yraj.top/pay or your account will be suspended.,2.0,114,866,0.944,0.01,18,1,bank_phish
m02891,what time is dinner,466.3,3,3,0.364,0.77,13,0,personal
m02892,"i owe you $68 for the ramen btw, etransferring now",1101.9,2,5,0.014,0.736,19,0,personal
m02893,yes!! i got the job,729.8,1,3,0.05,0.522,10,0,personal
m02894,what time is dinner,7.3,1,5,0.036,0.303,18,0,personal
m02895,Your verification code is 274716. Do not share this code with anyone.,1623.3,393,6968,0.792,0.056,16,0,business_notification
m02896,hey are you free Wednesday night?,6803.5,2,6,0.01,0.421,20,0,personal
m02897,here's that video lol vid.example/jlfBC,319.3,2,6,0.098,0.279,21,0,personal
m02898,"free tickets to the flames game from work, want one?",724.9,0,1,0.016,0.738,20,0,personal
m02899,ALERT: Unusual sign-in on your Foothills Credit Union account. Verify immediately at http://cp-redeliver-lz5o.top/pay or your account will be suspended.,7.1,17,1315,0.991,0.009,5,1,bank_phish
m02900,"hey its Mo, new number, save this one",1541.3,3,4,0.009,0.402,20,0,personal
m02901,lmk if you want ramen tonight,781.3,0,4,0.176,0.369,21,0,personal
m02902,"Government of Canada: you are eligible for a benefit payment of $889.60. Final notice, apply at http://rewards-ca.link/VhIBz",15.5,61,867,0.994,0.005,11,1,tax_refund
m02903,did you see the game?? we win that one easy,1050.3,2,11,0.096,0.354,7,0,personal
m02904,happy birthday Chloe!! have an amazing day,1320.5,3,11,0.085,0.658,15,0,personal
m02905,here's that video lol vid.example/w27ZN,853.0,2,5,0.011,0.463,16,0,personal
m02906,meet at work at 7:00?,2927.0,2,10,0.087,0.489,13,0,personal
m02907,did you see the game?? we win that one easy,3824.6,2,4,0.076,0.688,21,0,personal
m02908,"Foothills Credit Union: a purchase of $43.57 was made on your card ending 8536. If this wasn't you, call the number on the back of your card.",1486.6,731,1521,0.912,0.025,19,0,business_notification
m02909,are u home? forgot my keys,456.2,0,6,0.007,0.528,23,0,personal
m02910,Last chance! 30% off at Northern Outfitters ends tonight. Shop chinookbooks.ca/track Reply STOP to unsubscribe,2739.4,114,10276,0.854,0.015,16,0,marketing_legit
m02911,Prairie Parcel: your package was delivered to your front door at 3:45.,1226.8,254,2174,0.954,0.041,19,0,business_notification
m02912,"hello, is this dr. mo? i wanted to confirm our meeting tuesday",16.8,11,75,0.975,0.062,10,1,wrong_number
m02913,"that's fine, see you Tuesday",1203.5,0,9,0.047,0.619,21,0,personal
m02914,did you remember to pay rent,388.4,0,11,0.181,0.717,23,0,personal
m02915,lmk if you want ramen tonight,408.9,4,7,0.101,0.489,18,0,personal
m02916,DID YOU SEE THE GAME?? WE WIN THAT ONE EASY,696.1,1,3,0.001,0.71,14,0,personal
m02917,Your Prairie Telecom bill of $15.24 is ready. View at bowriverdental.ca/c. Reply STOP to opt out.,1428.1,385,3490,0.829,0.048,10,0,business_notification
m02918,mom says call her,1366.9,1,5,0.029,0.661,13,0,personal
m02919,Maple Bean Coffee: FREE donut with any large coffee this weekend! Show this text. Reply STOP to opt out,1377.9,294,11211,0.943,0.028,14,0,marketing_legit
m02920,did you remember to pay rent,2180.4,2,3,0.028,0.627,16,0,personal
m02921,"Hi, I'm a recruiter with a remote part-time role, $300/day, flexible hours. Interested?",54.2,10,184,0.928,0.131,14,1,job_offer
m02922,"hey dad its me, new phone. can you do me a favour? need to pay a bill today",3.8,52,123,0.916,0.18,16,1,hi_mum
m02923,good luck on your exam tmrw!,1464.4,2,7,0.004,0.33,19,0,personal
m02924,"Hi it's Priya, lost my phone. Can you send me $400 by etransfer, I'll pay you back tomorrow",45.8,20,177,0.906,0.15,6,1,hi_mum
m02925,Your Prairie Telecom bill of $36.57 is ready. View at mplbn.ca/deal. Reply STOP to opt out.,893.1,306,777,0.978,0.089,18,0,business_notification
m02926,"free tickets to the flames game from work, want one?",2863.8,1,7,0.051,0.718,1,0,personal
m02927,"thanks for today, had a great time",2411.7,1,3,0.059,0.567,15,0,personal
m02928,good luck on your exam tmrw!,177.7,0,6,0.147,0.549,18,0,personal
m02929,Maple Bean Coffee: FREE donut with any large coffee this weekend! Show this text. Reply STOP to opt out,658.9,548,4700,0.891,0.011,17,0,marketing_legit
m02930,yes!! i got the job,737.7,1,3,0.066,0.629,11,0,personal
m02931,"WINNER!! You have been selected to receive a $1,500 gift card. Claim now at cra-refund-ey3w.xyz",40.6,149,1706,0.935,0.008,11,1,prize
m02932,Bow River Dental: reminder of your appointment Monday at 3:45. Reply C to confirm or call 403-555-0142.,3530.3,331,838,0.998,0.017,11,0,business_notification
m02933,"hey its Lena, new number, save this one",921.8,3,5,0.239,0.77,20,0,personal
m02934,"call me when you can, kinda urgent, it's about the car",3126.6,2,6,0.243,0.699,12,0,personal
m02935,"hey its Sam, new number, save this one",1357.8,1,3,0.134,0.64,0,0,personal
m02936,good luck on your exam tmrw!,221.6,4,10,0.051,0.484,23,0,personal
m02937,happy birthday Priya!! have an amazing day,3131.2,4,7,0.249,0.549,8,0,personal
m02938,good luck on your exam tmrw!,246.9,2,4,0.027,0.393,8,0,personal
m02939,Prairie Parcel: your package is on hold due to unpaid shipping fee ($2.49). Pay now: bit.ly/EAWh6m,2.4,23,2034,0.97,0.025,14,1,parcel_fee
m02940,Your verification code is 689731. Do not share this code with anyone.,2037.0,491,4526,0.894,0.107,20,0,business_notification
m02941,did you remember to pay rent,448.1,1,8,0.081,0.706,23,0,personal
m02942,Prairie Telecom: Upgrade today and get 2 months free. Details northernoutfitters.ca/sale Txt STOP to end,677.6,497,18617,0.941,0.005,16,0,marketing_legit
m02943,good luck on your exam tmrw!,1636.2,2,7,0.099,0.488,22,0,personal
m02944,Prairie Parcel: your package is on hold due to unpaid shipping fee ($3.15). Pay now: cra-refund-ypjk.xyz,0.6,149,771,0.973,0.012,18,1,parcel_fee
m02945,yes!! i got the job,1273.4,0,5,0.03,0.83,11,0,personal
m02946,meet at the coffee place at 2:00?,710.5,2,8,0.292,0.672,19,0,personal
m02947,hey are you free Friday night?,1622.4,2,8,0.008,0.665,20,0,personal
m02948,meet at the coffee place at 3:45?,987.9,1,6,0.021,0.808,18,0,personal
m02949,You're invited: Stampede Sports members' night Wednesday. Win prizes & more. Reply STOP to opt out,1190.3,435,10470,0.652,0.046,12,0,marketing_legit
m02950,Bow River Dental: reminder of your appointment Sunday at 9:30. Reply C to confirm or call 403-555-0142.,2211.4,74,4402,0.871,0.03,16,0,business_notification
m02951,Bow River Dental: reminder of your appointment Thursday at 2:00. Reply C to confirm or call 403-555-0142.,1502.3,1203,1297,0.98,0.006,15,0,business_notification
m02952,"can't talk rn, in a meeting",1129.8,0,4,0.002,0.621,11,0,personal
m02953,ugh the c-train is delayed again,1324.3,1,1,0.145,0.832,12,0,personal
m02954,YES!! I GOT THE JOB,2059.7,1,2,0.071,0.548,18,0,personal
m02955,omw,358.8,1,7,0.038,0.65,21,0,personal
m02956,can you grab milk on the way home,1198.9,5,5,0.034,0.702,21,0,personal
m02957,"i owe you $39 for the sushi btw, etransferring now",918.4,0,6,0.026,0.754,12,0,personal
m02958,here's that video lol vid.example/DucGr,5.5,3,5,0.097,0.631,10,0,personal
m02959,are u home? forgot my keys,2968.4,0,5,0.355,0.185,17,0,personal
m02960,what time is dinner,346.7,2,1,0.336,0.583,10,0,personal
m02961,ok sounds good,2068.8,0,7,0.007,0.619,11,0,personal
m02962,City of Calgary: your recycling pickup moves to Monday this week.,1898.9,205,6272,0.953,0.232,11,0,business_notification
m02963,Your order from Chinook Books has shipped. Track: chinookbooks.ca/track,1271.8,451,2814,0.734,0.07,13,0,business_notification
m02964,Maple Bean Coffee: FREE donut with any large coffee this weekend! Show this text. Reply STOP to opt out,998.6,408,12316,0.983,0.014,18,0,marketing_legit
m02965,can you grab milk on the way home,855.7,2,5,0.04,0.512,14,0,personal
m02966,We attempted delivery of your parcel. Reschedule and pay the $2.49 fee at http://cp-redeliver-j5ki.top/pay within 48h.,5.2,122,1583,0.997,0.005,23,1,parcel_fee
m02967,Prairie Parcel: your package is on hold due to unpaid shipping fee ($3.15). Pay now: http://rewards-ca.link/0cPuU,4.7,88,1469,0.994,0.071,13,1,parcel_fee
m02968,did you see the game?? we win that one easy,1510.0,1,4,0.003,0.317,15,0,personal
m02969,"can't talk rn, in a meeting",6.1,1,5,0.075,0.576,11,0,personal
m02970,"running late, be there in 12 min",890.2,0,5,0.092,0.61,21,0,personal
m02971,did you see the game?? we win that one easy,133.6,4,6,0.392,0.815,17,0,personal
m02972,did you remember to pay rent,1503.3,2,4,0.193,0.599,10,0,personal
m02973,Congratulations! Your number won our monthly draw. Call 1-900-555-7751 to claim your CASH prize before midnight!,3.8,36,1004,0.98,0.049,10,1,prize
m02974,ok sounds good,1384.2,1,6,0.03,0.478,19,0,personal
m02975,Your Prairie Telecom bill of $93.81 is ready. View at bowriverdental.ca/c. Reply STOP to opt out.,615.0,189,2544,0.927,0.051,16,0,business_notification
m02976,Your Prairie Telecom bill of $44.35 is ready. View at prairietel.ca/bill. Reply STOP to opt out.,1124.9,188,3738,0.65,0.071,19,0,business_notification
m02977,did you remember to pay rent,1002.5,3,7,0.036,0.658,21,0,personal
m02978,ugh the c-train is delayed again,329.2,2,7,0.34,0.33,17,0,personal
m02979,mom says call her,3046.1,3,4,0.22,0.625,23,0,personal
m02980,"call me when you can, kinda urgent, it's about the car",226.0,2,5,0.244,0.624,8,0,personal
m02981,"i owe you $64 for the sushi btw, etransferring now",1215.7,2,7,0.016,0.73,9,0,personal
m02982,Prairie Telecom: Upgrade today and get 2 months free. Details chinookbooks.ca/track Txt STOP to end,656.6,454,9912,0.956,0.002,9,0,marketing_legit
m02983,"call me when you can, kinda urgent, it's about the car",822.6,3,5,0.052,0.429,11,0,personal
m02984,Last chance! 30% off at Northern Outfitters ends tonight. Shop mplbn.ca/deal Reply STOP to unsubscribe,953.1,458,10246,0.96,0.027,17,0,marketing_legit
m02985,are u home? forgot my keys,872.6,1,5,0.271,0.683,16,0,personal
m02986,Your order from Chinook Books has shipped. Track: northernoutfitters.ca/sale,1866.8,316,7805,0.884,0.034,13,0,business_notification
m02987,Prairie Parcel: your package is on hold due to unpaid shipping fee ($1.99). Pay now: bit.ly/tMvZSl,6.7,30,1823,0.923,0.05,19,1,parcel_fee
m02988,Prairie Parcel: your package was delivered to your front door at 2:00.,4124.1,195,1741,0.716,0.086,18,0,business_notification
m02989,ok sounds good,947.4,3,7,0.253,0.773,9,0,personal
m02990,meet at the library at 2:00?,165.1,2,8,0.019,0.787,21,0,personal
m02991,Your verification code is 700719. Do not share this code with anyone.,1353.8,236,1450,0.973,0.02,19,0,business_notification
m02992,"thanks for today, had a great time",3347.3,1,5,0.02,0.617,17,0,personal
m02993,"hey its Alex, new number, save this one",933.7,2,2,0.037,0.647,11,0,personal
m02994,Maple Bean Coffee: FREE donut with any large coffee this weekend! Show this text. Reply STOP to opt out,598.0,273,4757,0.998,0.024,11,0,marketing_legit
m02995,what time is dinner,651.6,2,10,0.104,0.309,11,0,personal
m02996,mom says call her,562.1,1,6,0.056,0.687,21,0,personal
m02997,"hey its Omar, new number, save this one",822.6,2,5,0.039,0.5,19,0,personal
m02998,good luck on your exam tmrw!,509.6,2,6,0.289,0.703,14,0,personal
m02999,did you remember to pay rent,981.4,0,3,0.47,0.389,20,0,personal
